{"name":"jgrosz99_nba-player-data-1978-2016","title":"NBA Player Data 1978-2016","description":"NBA Player Data Per Season From 1978-2016","homepage":"https://data.world/jgrosz99/nba-player-data-1978-2016","resources":[{"name":"nba_season_data","schema":{"fields":[{"name":"year","title":"Year","type":"gyear","rdfType":"http://www.w3.org/2001/XMLSchema#gYear","dwSourceId":"year"},{"name":"tm","title":"Tm","type":"string","rdfType":"http://www.w3.org/2001/XMLSchema#string","dwSourceId":"tm"},{"name":"player","title":"Player","type":"string","rdfType":"http://www.w3.org/2001/XMLSchema#string","dwSourceId":"player"},{"name":"age","title":"Age","type":"integer","rdfType":"http://www.w3.org/2001/XMLSchema#integer","dwSourceId":"age"},{"name":"g","title":"G","type":"integer","rdfType":"http://www.w3.org/2001/XMLSchema#integer","dwSourceId":"g"},{"name":"mp","title":"MP","type":"integer","rdfType":"http://www.w3.org/2001/XMLSchema#integer","dwSourceId":"mp"},{"name":"per","title":"PER","type":"number","rdfType":"http://www.w3.org/2001/XMLSchema#decimal","dwSourceId":"per"},{"name":"ts","title":"TS%","type":"number","rdfType":"http://www.w3.org/2001/XMLSchema#decimal","dwSourceId":"ts"},{"name":"3par","title":"3PAr","type":"number","rdfType":"http://www.w3.org/2001/XMLSchema#decimal","dwSourceId":"3par"},{"name":"ftr","title":"FTr","type":"number","rdfType":"http://www.w3.org/2001/XMLSchema#decimal","dwSourceId":"ftr"},{"name":"orb","title":"ORB%","type":"number","rdfType":"http://www.w3.org/2001/XMLSchema#decimal","dwSourceId":"orb"},{"name":"drb","title":"DRB%","type":"number","rdfType":"http://www.w3.org/2001/XMLSchema#decimal","dwSourceId":"drb"},{"name":"trb","title":"TRB%","type":"number","rdfType":"http://www.w3.org/2001/XMLSchema#decimal","dwSourceId":"trb"},{"name":"ast","title":"AST%","type":"number","rdfType":"http://www.w3.org/2001/XMLSchema#decimal","dwSourceId":"ast"},{"name":"stl","title":"STL%","type":"number","rdfType":"http://www.w3.org/2001/XMLSchema#decimal","dwSourceId":"stl"},{"name":"blk","title":"BLK%","type":"number","rdfType":"http://www.w3.org/2001/XMLSchema#decimal","dwSourceId":"blk"},{"name":"tov","title":"TOV%","type":"number","rdfType":"http://www.w3.org/2001/XMLSchema#decimal","dwSourceId":"tov"},{"name":"usg","title":"USG%","type":"number","rdfType":"http://www.w3.org/2001/XMLSchema#decimal","dwSourceId":"usg"},{"name":"column_s","title":".","type":"boolean","rdfType":"http://www.w3.org/2001/XMLSchema#boolean","dwSourceId":"column_s"},{"name":"ows","title":"OWS","type":"number","rdfType":"http://www.w3.org/2001/XMLSchema#decimal","dwSourceId":"ows"},{"name":"dws","title":"DWS","type":"number","rdfType":"http://www.w3.org/2001/XMLSchema#decimal","dwSourceId":"dws"},{"name":"ws","title":"WS","type":"number","rdfType":"http://www.w3.org/2001/XMLSchema#decimal","dwSourceId":"ws"},{"name":"ws_48","title":"WS/48","type":"number","rdfType":"http://www.w3.org/2001/XMLSchema#decimal","dwSourceId":"ws_48"},{"name":"column_x","title":".","type":"boolean","rdfType":"http://www.w3.org/2001/XMLSchema#boolean","dwSourceId":"column_x"},{"name":"obpm","title":"OBPM","type":"number","rdfType":"http://www.w3.org/2001/XMLSchema#decimal","dwSourceId":"obpm"},{"name":"dbpm","title":"DBPM","type":"number","rdfType":"http://www.w3.org/2001/XMLSchema#decimal","dwSourceId":"dbpm"},{"name":"bpm","title":"BPM","type":"number","rdfType":"http://www.w3.org/2001/XMLSchema#decimal","dwSourceId":"bpm"},{"name":"vorp","title":"VORP","type":"number","rdfType":"http://www.w3.org/2001/XMLSchema#decimal","dwSourceId":"vorp"},{"name":"ows_48","title":"OWS/48","type":"number","rdfType":"http://www.w3.org/2001/XMLSchema#decimal","dwSourceId":"ows_48"},{"name":"dws_48","title":"DWS/48","type":"number","rdfType":"http://www.w3.org/2001/XMLSchema#decimal","dwSourceId":"dws_48"},{"name":"shot","title":"Shot%","type":"number","rdfType":"http://www.w3.org/2001/XMLSchema#decimal","dwSourceId":"shot"},{"name":"player_id","title":"Player ID","type":"string","rdfType":"http://www.w3.org/2001/XMLSchema#string","dwSourceId":"player_id"},{"name":"team_mar","title":"Team Mar","type":"number","rdfType":"http://www.w3.org/2001/XMLSchema#decimal","dwSourceId":"team_mar"},{"name":"team_mp","title":"Team MP","type":"integer","rdfType":"http://www.w3.org/2001/XMLSchema#integer","dwSourceId":"team_mp"},{"name":"team_gm","title":"Team Gm","type":"integer","rdfType":"http://www.w3.org/2001/XMLSchema#integer","dwSourceId":"team_gm"},{"name":"year_3par","title":"Year 3PAr","type":"number","rdfType":"http://www.w3.org/2001/XMLSchema#decimal","dwSourceId":"year_3par"},{"name":"team_ts","title":"Team TS%","type":"number","rdfType":"http://www.w3.org/2001/XMLSchema#decimal","dwSourceId":"team_ts"},{"name":"tm_usg","title":"Tm USG","type":"integer","rdfType":"http://www.w3.org/2001/XMLSchema#integer","dwSourceId":"tm_usg"},{"name":"tm_ts_w_o_plyr","title":"Tm TS W/O Plyr","type":"number","rdfType":"http://www.w3.org/2001/XMLSchema#decimal","dwSourceId":"tm_ts_w_o_plyr"},{"name":"reb_vers","title":"Reb/Vers","type":"number","rdfType":"http://www.w3.org/2001/XMLSchema#decimal","dwSourceId":"reb_vers"},{"name":"defense","title":"Defense","type":"number","rdfType":"http://www.w3.org/2001/XMLSchema#decimal","dwSourceId":"defense"},{"name":"val_shot","title":"Val/Shot","type":"number","rdfType":"http://www.w3.org/2001/XMLSchema#decimal","dwSourceId":"val_shot"},{"name":"offense","title":"Offense","type":"number","rdfType":"http://www.w3.org/2001/XMLSchema#decimal","dwSourceId":"offense"},{"name":"mpg_int","title":"MPG + Int","type":"number","rdfType":"http://www.w3.org/2001/XMLSchema#decimal","dwSourceId":"mpg_int"},{"name":"raw_spm","title":"RAW SPM","type":"number","rdfType":"http://www.w3.org/2001/XMLSchema#decimal","dwSourceId":"raw_spm"},{"name":"min","title":"%Min","type":"number","rdfType":"http://www.w3.org/2001/XMLSchema#decimal","dwSourceId":"min"},{"name":"raw_contrib","title":"RAW Contrib","type":"number","rdfType":"http://www.w3.org/2001/XMLSchema#decimal","dwSourceId":"raw_contrib"},{"name":"tm_sum","title":"Tm Sum","type":"number","rdfType":"http://www.w3.org/2001/XMLSchema#decimal","dwSourceId":"tm_sum"},{"name":"tm_adj","title":"Tm Adj","type":"number","rdfType":"http://www.w3.org/2001/XMLSchema#decimal","dwSourceId":"tm_adj"},{"name":"bpm_2","title":"BPM","type":"number","rdfType":"http://www.w3.org/2001/XMLSchema#decimal","dwSourceId":"bpm_2"},{"name":"stderr","title":"StdErr","type":"number","rdfType":"http://www.w3.org/2001/XMLSchema#decimal","dwSourceId":"stderr"},{"name":"contrib","title":"Contrib","type":"number","rdfType":"http://www.w3.org/2001/XMLSchema#decimal","dwSourceId":"contrib"},{"name":"vorp_2","title":"VORP","type":"number","rdfType":"http://www.w3.org/2001/XMLSchema#decimal","dwSourceId":"vorp_2"},{"name":"reb_vers_2","title":"Reb/Vers","type":"number","rdfType":"http://www.w3.org/2001/XMLSchema#decimal","dwSourceId":"reb_vers_2"},{"name":"val_shot_2","title":"Val/Shot","type":"number","rdfType":"http://www.w3.org/2001/XMLSchema#decimal","dwSourceId":"val_shot_2"},{"name":"offense_2","title":"Offense","type":"number","rdfType":"http://www.w3.org/2001/XMLSchema#decimal","dwSourceId":"offense_2"},{"name":"defense_2","title":"Defense","type":"number","rdfType":"http://www.w3.org/2001/XMLSchema#decimal","dwSourceId":"defense_2"},{"name":"mpg","title":"MPG","type":"number","rdfType":"http://www.w3.org/2001/XMLSchema#decimal","dwSourceId":"mpg"},{"name":"raw_obpm","title":"Raw OBPM","type":"number","rdfType":"http://www.w3.org/2001/XMLSchema#decimal","dwSourceId":"raw_obpm"},{"name":"contrib_2","title":"Contrib","type":"number","rdfType":"http://www.w3.org/2001/XMLSchema#decimal","dwSourceId":"contrib_2"},{"name":"tm_ortg","title":"Tm Ortg","type":"number","rdfType":"http://www.w3.org/2001/XMLSchema#decimal","dwSourceId":"tm_ortg"},{"name":"tm_sum_2","title":"Tm Sum","type":"number","rdfType":"http://www.w3.org/2001/XMLSchema#decimal","dwSourceId":"tm_sum_2"},{"name":"tm_adj_2","title":"Tm Adj","type":"number","rdfType":"http://www.w3.org/2001/XMLSchema#decimal","dwSourceId":"tm_adj_2"},{"name":"tm_drtg","title":"Tm DRtg","type":"number","rdfType":"http://www.w3.org/2001/XMLSchema#decimal","dwSourceId":"tm_drtg"},{"name":"obpm_2","title":"OBPM","type":"number","rdfType":"http://www.w3.org/2001/XMLSchema#decimal","dwSourceId":"obpm_2"},{"name":"ostderr","title":"OStdErr","type":"number","rdfType":"http://www.w3.org/2001/XMLSchema#decimal","dwSourceId":"ostderr"},{"name":"ocontrib","title":"Ocontrib","type":"number","rdfType":"http://www.w3.org/2001/XMLSchema#decimal","dwSourceId":"ocontrib"},{"name":"ovorp","title":"OVORP","type":"number","rdfType":"http://www.w3.org/2001/XMLSchema#decimal","dwSourceId":"ovorp"},{"name":"dbpm_2","title":"DBPM","type":"number","rdfType":"http://www.w3.org/2001/XMLSchema#decimal","dwSourceId":"dbpm_2"},{"name":"dstderr","title":"DStdErr","type":"number","rdfType":"http://www.w3.org/2001/XMLSchema#decimal","dwSourceId":"dstderr"},{"name":"dcontrib","title":"Dcontrib","type":"number","rdfType":"http://www.w3.org/2001/XMLSchema#decimal","dwSourceId":"dcontrib"},{"name":"dvorp","title":"DVORP","type":"number","rdfType":"http://www.w3.org/2001/XMLSchema#decimal","dwSourceId":"dvorp"},{"name":"sum_spm","title":"Sum SPM","type":"number","rdfType":"http://www.w3.org/2001/XMLSchema#decimal","dwSourceId":"sum_spm"},{"name":"min_2","title":"%Min","type":"number","rdfType":"http://www.w3.org/2001/XMLSchema#decimal","dwSourceId":"min_2"},{"name":"mpg_2","title":"MPG","type":"number","rdfType":"http://www.w3.org/2001/XMLSchema#decimal","dwSourceId":"mpg_2"},{"name":"rempg","title":"ReMPG","type":"number","rdfType":"http://www.w3.org/2001/XMLSchema#decimal","dwSourceId":"rempg"},{"name":"bpm_3","title":"BPM","type":"number","rdfType":"http://www.w3.org/2001/XMLSchema#decimal","dwSourceId":"bpm_3"},{"name":"contrib_3","title":"Contrib","type":"number","rdfType":"http://www.w3.org/2001/XMLSchema#decimal","dwSourceId":"contrib_3"},{"name":"vorp_3","title":"VORP","type":"number","rdfType":"http://www.w3.org/2001/XMLSchema#decimal","dwSourceId":"vorp_3"},{"name":"vorp_gm","title":"VORP-Gm","type":"number","rdfType":"http://www.w3.org/2001/XMLSchema#decimal","dwSourceId":"vorp_gm"},{"name":"o_bpm","title":"O-BPM","type":"number","rdfType":"http://www.w3.org/2001/XMLSchema#decimal","dwSourceId":"o_bpm"},{"name":"ocontrib_2","title":"Ocontrib","type":"number","rdfType":"http://www.w3.org/2001/XMLSchema#decimal","dwSourceId":"ocontrib_2"},{"name":"ovorp_2","title":"OVORP","type":"number","rdfType":"http://www.w3.org/2001/XMLSchema#decimal","dwSourceId":"ovorp_2"},{"name":"ovorp_gm","title":"OVORP-Gm","type":"number","rdfType":"http://www.w3.org/2001/XMLSchema#decimal","dwSourceId":"ovorp_gm"},{"name":"d_bpm","title":"D-BPM","type":"number","rdfType":"http://www.w3.org/2001/XMLSchema#decimal","dwSourceId":"d_bpm"},{"name":"dcontrib_2","title":"Dcontrib","type":"number","rdfType":"http://www.w3.org/2001/XMLSchema#decimal","dwSourceId":"dcontrib_2"},{"name":"dvorp_2","title":"DVORP","type":"number","rdfType":"http://www.w3.org/2001/XMLSchema#decimal","dwSourceId":"dvorp_2"},{"name":"dvorp_gm","title":"DVORP-Gm","type":"number","rdfType":"http://www.w3.org/2001/XMLSchema#decimal","dwSourceId":"dvorp_gm"},{"name":"production","title":"Production","type":"string","rdfType":"http://www.w3.org/2001/XMLSchema#string","dwSourceId":"production"},{"name":"prod_gm","title":"Prod-Gm","type":"string","rdfType":"http://www.w3.org/2001/XMLSchema#string","dwSourceId":"prod_gm"},{"name":"exp_bpm","title":"Exp BPM","type":"number","rdfType":"http://www.w3.org/2001/XMLSchema#decimal","dwSourceId":"exp_bpm"},{"name":"truetalentbpm","title":"TrueTalentBPM","type":"number","rdfType":"http://www.w3.org/2001/XMLSchema#decimal","dwSourceId":"truetalentbpm"},{"name":"exp_min","title":"Exp%Min","type":"number","rdfType":"http://www.w3.org/2001/XMLSchema#decimal","dwSourceId":"exp_min"},{"name":"truetalentvorp","title":"TrueTalentVORP","type":"number","rdfType":"http://www.w3.org/2001/XMLSchema#decimal","dwSourceId":"truetalentvorp"},{"name":"truesalary","title":"TrueSalary","type":"string","rdfType":"http://www.w3.org/2001/XMLSchema#string","dwSourceId":"truesalary"},{"name":"truetimevorp","title":"TrueTimeVORP","type":"number","rdfType":"http://www.w3.org/2001/XMLSchema#decimal","dwSourceId":"truetimevorp"},{"name":"adjusted_production","title":"Adjusted Production","type":"string","rdfType":"http://www.w3.org/2001/XMLSchema#string","dwSourceId":"adjusted_production"},{"name":"worp","title":"WORP","type":"number","rdfType":"http://www.w3.org/2001/XMLSchema#decimal","dwSourceId":"worp"},{"name":"o_worp","title":"O-WORP","type":"number","rdfType":"http://www.w3.org/2001/XMLSchema#decimal","dwSourceId":"o_worp"},{"name":"d_worp","title":"D-WORP","type":"number","rdfType":"http://www.w3.org/2001/XMLSchema#decimal","dwSourceId":"d_worp"},{"name":"adjusted_worp","title":"Adjusted WORP","type":"number","rdfType":"http://www.w3.org/2001/XMLSchema#decimal","dwSourceId":"adjusted_worp"},{"name":"estimated_position","title":"Estimated Position","type":"number","rdfType":"http://www.w3.org/2001/XMLSchema#decimal","dwSourceId":"estimated_position"},{"name":"bbref_pos","title":"BBRef Pos","type":"number","rdfType":"http://www.w3.org/2001/XMLSchema#decimal","dwSourceId":"bbref_pos"},{"name":"age_on_feb_1","title":"Age on Feb 1","type":"number","rdfType":"http://www.w3.org/2001/XMLSchema#decimal","dwSourceId":"age_on_feb_1"},{"name":"yrs_experience","title":"Yrs Experience","type":"integer","rdfType":"http://www.w3.org/2001/XMLSchema#integer","dwSourceId":"yrs_experience"},{"name":"height","title":"Height","type":"integer","rdfType":"http://www.w3.org/2001/XMLSchema#integer","dwSourceId":"height"},{"name":"weight","title":"Weight","type":"integer","rdfType":"http://www.w3.org/2001/XMLSchema#integer","dwSourceId":"weight"},{"name":"rounded_position","title":"Rounded Position","type":"integer","rdfType":"http://www.w3.org/2001/XMLSchema#integer","dwSourceId":"rounded_position"},{"name":"rounded_age","title":"Rounded Age","type":"integer","rdfType":"http://www.w3.org/2001/XMLSchema#integer","dwSourceId":"rounded_age"}]},"path":"data/nba_season_data.csv","format":"csv"},{"name":"original/NBA Season Data.csv","path":"original/NBA Season Data.csv","format":"csv","mediatype":"text/csv","bytes":9087139}],"keywords":["sports","basketball","nba"]}