Rk,Player,Pos,Age,Tm,G,MP,PER,TS%,3PAr,FTr,ORB%,DRB%,TRB%,AST%,STL%,BLK%,TOV%,USG%,,OWS,DWS,WS,WS/48,,OBPM,DBPM,BPM,VORP
1,Jeff Adrien,PF,24,GSW,23,196,11.3,0.457,0,0.352,13,20.7,16.8,7.3,1,1.9,12.6,16.1,,0.1,0.1,0.2,0.051,,-3.9,-1.2,-5.1,-0.2
2,Arron Afflalo,SG,25,DEN,69,2324,13.6,0.62,0.396,0.26,2.3,9.9,6.2,10.9,0.7,1,9.2,14.8,,4.8,1.4,6.2,0.128,,2.4,-0.2,2.1,2.4
3,Maurice Ager,SG,26,MIN,4,29,10.1,0.682,0.364,0,0,7.9,3.8,6,1.7,0,26.7,22,,0,0,0,-0.015,,-2.7,-3.6,-6.3,0
4,Alexis Ajinça,C,22,TOT,34,340,12.2,0.507,0.256,0.135,5.9,21.5,13.6,4.8,1.7,4.2,11.3,21.1,,0,0.4,0.4,0.052,,-3.1,-0.3,-3.4,-0.1
4,Alexis Ajinça,C,22,DAL,10,75,12.8,0.435,0.219,0.094,8.1,18,13.3,4.3,2.1,5.1,2.9,21.4,,0,0.1,0.1,0.084,,-3.6,1.5,-2.1,0
4,Alexis Ajinça,C,22,TOR,24,265,12,0.53,0.267,0.149,5.2,22.5,13.6,4.9,1.6,4,13.6,21.1,,0,0.2,0.2,0.042,,-2.9,-0.8,-3.8,-0.1
5,Solomon Alabi,C,22,TOR,12,59,2,0.189,0,0.133,13.7,14.4,14.1,4.6,1.8,2.6,15.9,14.3,,-0.2,0,-0.2,-0.142,,-8.2,0,-8.2,-0.1
6,Cole Aldrich,C,22,OKC,18,142,7,0.537,0,0.267,11.1,17.5,14.4,4,1.8,3.6,32.3,7.9,,0,0.2,0.2,0.066,,-3.4,2.6,-0.8,0
7,LaMarcus Aldridge,PF,25,POR,81,3211,21.5,0.549,0.016,0.314,10.1,17.2,13.5,10.1,1.4,2.4,8.7,25.7,,7.6,3.5,11.1,0.166,,1.9,0.5,2.4,3.5
8,Malik Allen,PF,32,ORL,18,178,3.3,0.361,0,0.065,8.1,12.8,10.5,3.3,0.3,1.7,8.6,9.1,,-0.1,0.2,0.2,0.046,,-5.3,1.4,-3.9,-0.1
9,Ray Allen*,SG,35,BOS,80,2890,16.4,0.615,0.387,0.224,2.3,9,5.8,12.7,1.4,0.4,9.8,19.8,,5.8,4.2,10,0.166,,3.2,0.4,3.6,4.1
10,Tony Allen,SG,29,MEM,72,1494,18.3,0.562,0.047,0.37,5.5,9.9,7.7,10.9,4.5,2.4,13.1,19.9,,2,2.7,4.7,0.152,,0.7,2.9,3.6,2.1
11,Al-Farouq Aminu,SF,20,LAC,81,1452,9.6,0.499,0.352,0.293,6.1,15.4,10.8,6.4,2.1,1.3,18.3,17.3,,-0.8,1.4,0.7,0.022,,-3.1,0.1,-3,-0.4
12,Lou Amundson,PF,28,GSW,46,691,11.5,0.452,0,0.475,13,17.4,15.2,3.5,1,3.6,9.8,15.7,,0.2,0.5,0.6,0.044,,-4,-0.9,-4.9,-0.5
13,Chris Andersen,C,32,DEN,45,732,19,0.636,0.007,0.985,12.2,22.1,17.3,4,1.6,6,11.3,13.5,,1.9,1.2,3.2,0.207,,0.2,3.1,3.3,1
14,David Andersen,PF,30,TOT,40,373,10.9,0.513,0.19,0.182,6.4,21,13.6,5.6,0.7,2,14.4,19.1,,-0.1,0.3,0.3,0.032,,-4,-1.3,-5.3,-0.3
14,David Andersen,PF,30,TOR,11,150,13.8,0.559,0.213,0.149,6.2,21.1,13.4,7.3,1,1.5,13.8,17.3,,0.1,0.1,0.2,0.063,,-1.7,-1.6,-3.3,0
14,David Andersen,PF,30,NOH,29,223,8.9,0.484,0.176,0.203,6.5,20.9,13.6,4.5,0.5,2.2,14.8,20.2,,-0.2,0.3,0.1,0.012,,-5.4,-1.2,-6.6,-0.3
15,James Anderson,SF,21,SAS,26,286,8.5,0.529,0.568,0.222,0.8,8.3,4.7,9.2,0.5,1.5,12.8,16.4,,0.1,0.2,0.3,0.051,,-1.9,-1.5,-3.4,-0.1
16,Ryan Anderson,PF,22,ORL,64,1424,19,0.591,0.65,0.223,10.8,18.1,14.5,6.2,1.1,2.1,7.8,20.4,,4,2.5,6.4,0.216,,4.1,0.2,4.4,2.3
17,Carmelo Anthony,SF,26,TOT,77,2751,21.7,0.557,0.167,0.403,5,18.3,11.8,14.7,1.2,1.3,10.4,32,,5.4,2.5,7.9,0.138,,1.8,-1.3,0.5,1.8
17,Carmelo Anthony,SF,26,DEN,50,1774,21.2,0.547,0.13,0.431,5.2,19.3,12.4,14.3,1.2,1.3,11,32.5,,2.8,1.9,4.7,0.127,,0.9,-0.8,0.2,1
17,Carmelo Anthony,SF,26,NYK,27,977,22.8,0.575,0.233,0.351,4.8,16.5,10.6,15.3,1.3,1.1,9.4,31,,2.6,0.6,3.2,0.157,,3.5,-2.3,1.2,0.8
18,Joel Anthony,C,28,MIA,75,1463,7.3,0.583,0,0.737,9,12.4,10.8,2.2,0.4,5,21.5,5.3,,1.2,2.1,3.3,0.107,,-2.2,3.1,0.9,1.1
19,Gilbert Arenas,PG,29,TOT,70,1796,10.8,0.471,0.446,0.208,1.4,10.7,6.1,25.3,2.1,0.9,18.1,24.7,,-1.6,2.2,0.5,0.014,,-1.2,-0.2,-1.5,0.2
19,Gilbert Arenas,PG,29,WAS,21,726,14,0.505,0.439,0.203,0.9,10.4,5.5,27.5,2.1,1.3,16.5,26.2,,0,0.4,0.4,0.025,,1.2,-1.7,-0.6,0.3
19,Gilbert Arenas,PG,29,ORL,49,1070,8.6,0.444,0.45,0.213,1.8,11,6.5,23.8,2.2,0.7,19.3,23.7,,-1.6,1.7,0.2,0.007,,-2.8,0.8,-2.1,0
20,Trevor Ariza,SF,25,NOH,75,2600,11.3,0.487,0.356,0.259,2.8,16.4,9.5,10,2.5,1,12.2,17.7,,-0.4,3.8,3.4,0.062,,-1.2,2.3,1.1,2
21,Hilton Armstrong,C,26,TOT,53,488,8.8,0.508,0.053,0.434,9.5,21.6,15.4,4.2,1.9,3.3,23.6,10.9,,-0.1,0.6,0.5,0.045,,-4.7,1.5,-3.1,-0.1
21,Hilton Armstrong,C,26,WAS,41,412,8.6,0.519,0.047,0.359,10.4,21.5,15.8,3.5,1.9,3,25.2,10.6,,-0.1,0.4,0.4,0.043,,-4.5,1.2,-3.4,-0.1
21,Hilton Armstrong,C,26,ATL,12,76,10.1,0.457,0.083,0.833,4.8,22,13.5,7.8,2.1,5,15.5,12.1,,-0.1,0.1,0.1,0.054,,-5.5,3.5,-2,0
22,Carlos Arroyo,PG,31,TOT,64,1185,9,0.528,0.253,0.172,2.2,7.9,5.2,15.8,0.9,0.1,17,14,,0.5,1.1,1.7,0.068,,-2.1,-1,-3.1,-0.3
22,Carlos Arroyo,PG,31,MIA,49,995,9.5,0.541,0.269,0.147,1.6,7.5,4.8,15.3,0.7,0.1,14.5,13.9,,0.8,0.9,1.6,0.078,,-1.5,-1.5,-3,-0.2
22,Carlos Arroyo,PG,31,BOS,15,190,6.7,0.447,0.143,0.343,4.8,9.8,7.4,18.6,2,0,29.7,14.5,,-0.2,0.3,0.1,0.016,,-5.1,1.3,-3.8,-0.1
23,Darrell Arthur,PF,22,MEM,80,1609,15.7,0.534,0.01,0.215,8.5,17,12.7,5.4,1.7,3.2,11.4,21.6,,1.5,2.2,3.8,0.113,,-1.6,0.3,-1.3,0.3
24,Ömer Aşık,C,24,CHI,82,989,11.8,0.559,0,1.028,13.7,22.3,18.1,4.7,1.1,4.3,23.8,12.5,,0.5,2.2,2.7,0.13,,-3.5,3,-0.5,0.4
25,D.J. Augustin,PG,23,CHA,82,2757,15.9,0.541,0.348,0.31,1.7,8.3,4.9,31.1,1,0.1,12.5,21.2,,4.9,1.3,6.2,0.108,,2.4,-2.8,-0.4,1.1
26,Luke Babbitt,SF,21,POR,24,137,1,0.305,0.291,0.164,5.1,22.4,13.4,6.9,0.8,1.2,11.9,22.8,,-0.6,0.1,-0.4,-0.143,,-9.6,-2.5,-12,-0.3
27,Renaldo Balkman,SF,26,TOT,8,62,9.3,0.542,0.154,0.308,3.7,9.1,6.5,4.7,3.2,2.4,6.3,11.3,,0.1,0.1,0.1,0.114,,-1.9,1,-0.9,0
27,Renaldo Balkman,SF,26,DEN,5,44,12.8,0.604,0,0.444,2.7,7.6,5.2,6.6,3.4,3.4,0,10.9,,0.1,0.1,0.2,0.182,,0,2.7,2.7,0.1
27,Renaldo Balkman,SF,26,NYK,3,18,0.7,0.375,0.5,0,6.3,12.8,9.5,0,2.8,0,20,12.3,,0,0,0,-0.05,,-6.6,-3.1,-9.6,0
28,Marcus Banks,PG,29,TOR,3,22,6.8,0.543,0,4,0,5.5,2.7,17.2,2.3,0,26.6,15.3,,0,0,0,0.011,,-5,-2.8,-7.8,0
29,Leandro Barbosa,SG,28,TOR,58,1395,15.3,0.539,0.326,0.21,1.2,7.4,4.2,14.6,1.9,0.3,10.5,25.6,,1.4,0.1,1.5,0.052,,1.4,-3.5,-2.1,0
30,J.J. Barea,PG,26,DAL,81,1669,14.8,0.535,0.291,0.242,2.1,8.8,5.6,31.2,0.9,0,15.9,23.9,,1.9,1.4,3.2,0.093,,0.6,-1.7,-1.1,0.4
31,Andrea Bargnani,C,25,TOR,66,2353,16.4,0.533,0.19,0.298,3.6,13.9,8.6,8.8,0.7,1.5,10.3,28.2,,2.2,0.3,2.5,0.052,,0.2,-2.9,-2.7,-0.4
32,Matt Barnes,SF,30,LAL,53,1020,14.6,0.569,0.384,0.276,8.4,16.7,12.7,10.5,2,1.6,15.6,16.6,,1.4,1.6,3,0.142,,0.6,1.2,1.8,1
33,Earl Barron,C,29,TOT,21,305,6.2,0.361,0,0.242,12.1,17.2,14.6,5.8,1.4,1.5,12.7,18.9,,-0.6,0.3,-0.2,-0.039,,-6.3,-0.3,-6.6,-0.3
33,Earl Barron,C,29,PHO,12,183,1.5,0.301,0,0.392,10.1,15.2,12.6,3,1.7,1.6,15.5,17.5,,-0.5,0.1,-0.4,-0.106,,-8.3,-0.2,-8.5,-0.3
33,Earl Barron,C,29,MIL,7,85,17.3,0.475,0,0.054,16,14.1,15.1,9.2,1.3,1.9,5,22,,0.1,0.1,0.2,0.13,,-0.7,-0.1,-0.9,0
33,Earl Barron,C,29,POR,2,37,3.8,0.295,0,0.182,12.7,34.6,23.1,12.2,0,0,20.2,18.8,,-0.1,0,-0.1,-0.093,,-9.2,-0.9,-10.1,-0.1
34,Brandon Bass,PF,25,ORL,76,1980,15.9,0.571,0.003,0.361,8.1,16.7,12.5,5,0.7,2,11.5,19.8,,3.2,3.1,6.3,0.153,,-1.4,0.9,-0.5,0.7
35,Tony Battie,C,34,PHI,38,377,9.5,0.489,0.031,0.146,5.2,25.1,15.1,4.8,0.7,3,10.5,13.9,,0,0.6,0.6,0.075,,-5.3,0.8,-4.5,-0.2
36,Shane Battier,SF,32,TOT,82,2375,12.3,0.567,0.525,0.183,4.4,13.7,9,11.1,1.5,2.4,12.6,11.7,,2.9,2.2,5.1,0.103,,0.7,1.8,2.5,2.7
36,Shane Battier,SF,32,HOU,59,1818,12.9,0.577,0.551,0.186,3.6,13.9,8.8,12.1,1.5,2.7,12.5,12.3,,2.3,1.7,4,0.105,,1,1.9,2.9,2.2
36,Shane Battier,SF,32,MEM,23,557,10.6,0.53,0.416,0.168,6.8,13,9.9,7.9,1.5,1.5,12.9,10.1,,0.5,0.6,1.1,0.097,,-0.2,1.3,1.2,0.4
37,Nicolas Batum,SF,22,POR,80,2522,14.8,0.563,0.424,0.203,5.1,12.8,8.8,8.1,1.5,1.6,8.6,17.8,,4.4,2.3,6.6,0.126,,1.7,0,1.7,2.4
38,Jerryd Bayless,PG,22,TOT,71,1496,14.1,0.536,0.282,0.398,2,11.3,6.6,27.6,1.3,0.3,17.3,22.1,,1.4,0.3,1.6,0.053,,0.5,-2.6,-2.1,0
38,Jerryd Bayless,PG,22,NOH,11,149,7.2,0.443,0.286,0.347,1.6,10.7,6.1,29.9,0.7,0.6,23.1,23.5,,-0.3,0.1,-0.2,-0.05,,-4.8,-2.2,-7,-0.2
38,Jerryd Bayless,PG,22,TOR,60,1347,14.9,0.545,0.282,0.404,2.1,11.4,6.6,27.4,1.4,0.2,16.6,22,,1.7,0.1,1.8,0.064,,1.1,-2.6,-1.6,0.1
39,Michael Beasley,SF,22,MIN,73,2361,15.5,0.51,0.132,0.234,5.4,14.1,9.6,12.3,1.1,1.7,12.4,28.3,,0.7,1,1.7,0.035,,-0.8,-1.6,-2.4,-0.3
40,Rodrigue Beaubois,PG,22,DAL,28,496,11.4,0.5,0.372,0.135,1.7,10.2,6.1,21.9,2.1,1.2,16.6,26.7,,-0.4,0.7,0.2,0.022,,-1.4,-0.1,-1.5,0.1
41,Marco Belinelli,SG,24,NOH,80,1957,12.1,0.56,0.469,0.181,1.1,8.4,4.7,8,1.1,0.3,9.4,20,,1.9,1.5,3.4,0.084,,0.7,-1.7,-1.1,0.5
42,Charlie Bell,SG,31,GSW,19,171,4.7,0.357,0.488,0.093,3.9,8.1,6,10.1,1.8,0.4,11.8,13.1,,-0.2,0,-0.1,-0.04,,-4.5,-1.9,-6.4,-0.2
43,Raja Bell,SG,34,UTA,68,2097,8.2,0.528,0.413,0.218,1.8,8.4,5.1,8.3,1.4,0.5,11,12.6,,1.2,0.5,1.7,0.04,,-0.8,-1.1,-1.9,0.1
44,Mike Bibby,PG,32,TOT,80,2285,10.9,0.57,0.604,0.108,0.9,9.2,5.1,17.9,1.2,0.3,14.3,14.6,,2.2,1.8,4,0.085,,0.6,-1.2,-0.6,0.8
44,Mike Bibby,PG,32,ATL,56,1674,11.7,0.57,0.58,0.104,1.1,9.1,5.1,18.9,1.2,0.3,12.8,15,,1.9,1.2,3.1,0.089,,1,-1.3,-0.3,0.7
44,Mike Bibby,PG,32,WAS,2,29,1.1,0.111,0.444,0,0,12.2,5.9,37.8,1.8,0,10,15.2,,-0.1,0,-0.1,-0.161,,-7.9,-3.4,-11.3,-0.1
44,Mike Bibby,PG,32,MIA,22,582,9,0.601,0.698,0.127,0.4,9.1,5,14.1,1,0.4,19.4,13.3,,0.4,0.6,1,0.084,,0,-0.8,-0.9,0.2
45,Andris Biedriņš,C,24,GSW,59,1397,12.1,0.526,0,0.117,11.5,23.3,17.3,6,1.9,2.8,16.9,10.6,,1.1,1.5,2.6,0.088,,-2.3,1.9,-0.3,0.6
46,Chauncey Billups,PG,34,TOT,72,2310,18.7,0.617,0.457,0.528,1.3,8.1,4.7,25.8,1.5,0.5,15.3,22.3,,6.6,1.4,8,0.166,,4.1,-2.1,1.9,2.3
46,Chauncey Billups,PG,34,DEN,51,1646,18.6,0.634,0.444,0.535,0.9,7.7,4.4,25.1,1.6,0.6,16.3,21.4,,4.7,1.1,5.8,0.171,,4,-1.6,2.4,1.8
46,Chauncey Billups,PG,34,NYK,21,664,19.1,0.582,0.484,0.512,2.2,9,5.6,27.4,1.4,0.2,13.2,24.3,,1.9,0.2,2.1,0.155,,4.2,-3.4,0.8,0.5
47,DeJuan Blair,PF,21,SAS,81,1734,17.1,0.524,0.003,0.235,14.8,22.9,18.9,7.1,2.8,1.7,14.9,20.1,,1.5,3.2,4.8,0.132,,-1.1,2.2,1.1,1.3
48,Steve Blake,PG,30,LAL,79,1581,7.5,0.5,0.631,0.098,1.4,9.5,5.6,15,1.3,0.1,18.6,11.3,,0.3,1.5,1.8,0.055,,-1.9,-0.4,-2.3,-0.1
49,Andray Blatche,PF,24,WAS,64,2172,16.9,0.497,0.019,0.296,9.3,18.7,13.8,11.7,2.3,1.8,13.7,25.5,,0.3,2.1,2.4,0.053,,-1,0.6,-0.5,0.8
50,Eric Bledsoe,PG,21,LAC,81,1841,10.8,0.499,0.239,0.274,4.4,9.8,7.1,24.2,2.6,1.1,26.3,17.9,,-1.3,1.6,0.3,0.008,,-2.6,0.6,-2,0
51,Keith Bogans,SG,30,CHI,82,1461,9,0.559,0.772,0.104,1.6,10.1,5.9,10.1,1.4,0.5,11.3,11.4,,1.4,2.2,3.6,0.118,,-0.4,0.4,0,0.7
52,Andrew Bogut,C,26,MIL,65,2297,16.7,0.496,0.005,0.292,9.8,27.1,18.3,10.4,1.1,5.8,13,19.6,,0.3,5.1,5.4,0.112,,-2.6,5,2.4,2.6
53,Matt Bonner,PF,30,SAS,66,1432,13.5,0.617,0.62,0.116,5,14.2,9.7,6.2,0.9,1,6.5,13.4,,3,1.4,4.4,0.147,,2.1,-0.1,2,1.5
54,Trevor Booker,PF,23,WAS,65,1063,15.3,0.582,0.004,0.399,10.2,17,13.5,5.2,1.4,3,11.3,13.9,,1.8,0.8,2.6,0.119,,-1,0.3,-0.7,0.3
55,Carlos Boozer,C,29,CHI,59,1882,18.8,0.542,0,0.289,8.3,26.3,17.6,14.3,1.3,0.7,13.5,26.9,,1.9,3.9,5.8,0.149,,-0.7,1.4,0.7,1.3
56,Chris Bosh,PF,26,MIA,77,2795,19.4,0.569,0.024,0.446,6.4,20,13.6,8.9,1.1,1.4,9.8,23.5,,6.1,4.3,10.3,0.177,,0.1,0.3,0.4,1.7
57,Earl Boykins,PG,34,MIL,57,862,17.6,0.526,0.202,0.233,2,5.6,3.7,30.9,2.4,0.3,11.8,23.9,,1.1,1.1,2.3,0.125,,0.8,-1.8,-1,0.2
58,Craig Brackins,PF,23,PHI,3,33,0.1,0.25,0.313,0,7,7,7,4.6,1.6,0,0,22.3,,-0.1,0,-0.1,-0.154,,-7.8,-3.7,-11.5,-0.1
59,Avery Bradley,PG,20,BOS,31,162,2.2,0.36,0.075,0.179,3.2,9.3,6.5,11.9,3,0,18.1,26.1,,-0.8,0.3,-0.5,-0.139,,-9.6,0,-9.7,-0.3
60,Elton Brand,PF,31,PHI,81,2809,18.5,0.553,0.001,0.278,9.7,18,13.9,7.1,1.7,2.9,8.4,19.7,,5.1,4.4,9.4,0.161,,0.5,1.9,2.4,3.1
61,Corey Brewer,SF-SG,24,TOT,69,1510,11,0.482,0.23,0.393,4.2,8.9,6.5,9.1,3.3,0.8,13.2,18.8,,-0.1,1.3,1.1,0.036,,-1.7,0.5,-1.3,0.3
61,Corey Brewer,SF,24,MIN,56,1362,10.3,0.471,0.227,0.391,3.6,9,6.2,8.6,3.3,0.8,13.1,18.4,,-0.4,1,0.6,0.023,,-2.2,0.3,-1.9,0.1
61,Corey Brewer,SG,24,DAL,13,148,17.6,0.573,0.255,0.412,9.9,8.4,9.1,13.3,3.9,1,14.2,22.2,,0.3,0.3,0.5,0.163,,2.1,1.8,3.9,0.2
62,Ronnie Brewer,SG,25,CHI,81,1781,13.8,0.518,0.063,0.311,3.7,13.2,8.6,12.1,3.2,0.9,10.2,13.9,,1.7,3.8,5.4,0.147,,-1.4,3.2,1.8,1.7
63,Jon Brockman,C,23,MIL,63,677,9.6,0.567,0,0.628,12.4,19.4,15.8,4.2,1.1,0.3,16.7,10,,0.8,1,1.9,0.132,,-3,0.7,-2.2,0
64,Aaron Brooks,PG,26,TOT,59,1284,13.1,0.489,0.402,0.239,1.8,5.2,3.5,28.9,1.3,0.2,13.2,25.9,,0.7,0.4,1.1,0.04,,0.4,-4,-3.5,-0.5
64,Aaron Brooks,PG,26,HOU,34,811,11.7,0.465,0.437,0.214,1.5,5.6,3.6,25.2,1.3,0.2,11.5,26.1,,0.1,0.3,0.4,0.023,,-0.1,-3.9,-4,-0.4
64,Aaron Brooks,PG,26,PHO,25,473,15.6,0.533,0.335,0.285,2.2,4.4,3.3,35.3,1.4,0.2,16.4,25.7,,0.6,0.1,0.7,0.07,,1.4,-4.1,-2.8,-0.1
65,Derrick Brown,SF,23,TOT,49,576,12.9,0.588,0.076,0.458,8.5,12.2,10.3,9.5,1.8,1.4,18.2,15.5,,0.5,0.5,1,0.083,,-1.4,0.1,-1.3,0.1
65,Derrick Brown,SF,23,CHA,41,488,12.4,0.565,0.053,0.416,7.9,13,10.4,9.9,1.8,1.3,17.3,15.6,,0.3,0.4,0.8,0.074,,-1.9,0.2,-1.7,0
65,Derrick Brown,SF,23,NYK,8,88,16,0.717,0.222,0.722,11.6,7.9,9.7,6.9,2.3,1.7,22.8,15.5,,0.2,0.1,0.2,0.13,,1.5,-0.7,0.8,0.1
66,Kwame Brown,C,28,CHA,66,1714,12.8,0.55,0,0.616,10.3,21.6,15.9,4.1,0.8,1.8,12.6,14.9,,1.8,1.7,3.5,0.097,,-2.2,-0.1,-2.3,-0.1
67,Shannon Brown,SG,25,LAL,82,1568,13.6,0.518,0.33,0.157,2.6,8.5,5.7,10,2.3,0.8,9.8,22.2,,1.1,1.9,3.1,0.093,,-0.6,-1.1,-1.7,0.1
68,Kobe Bryant,SG,32,LAL,82,2779,23.9,0.548,0.217,0.356,3.5,13.3,8.5,26.7,1.9,0.3,11.4,35.1,,6.8,3.5,10.3,0.178,,4.7,-0.9,3.8,4.1
69,Chase Budinger,SF,22,HOU,78,1738,14.2,0.534,0.418,0.21,3.4,15,9.2,11.5,1.2,0.7,8.5,19.9,,2.2,1.2,3.4,0.095,,0.6,-1.3,-0.7,0.6
70,Caron Butler,SF,30,DAL,29,867,14.2,0.523,0.172,0.233,3.1,12.5,8,9.1,1.7,0.7,10.5,25.1,,0.2,1,1.2,0.067,,-1.4,0,-1.4,0.1
71,Rasual Butler,SG,31,TOT,47,770,6.2,0.446,0.574,0.114,1.5,10.1,5.9,5.3,0.5,1.5,8.8,15.8,,-0.5,0.3,-0.1,-0.009,,-3.4,-1.9,-5.3,-0.6
71,Rasual Butler,SG,31,LAC,41,744,5.9,0.433,0.571,0.119,1.6,10.3,6,5.5,0.6,1.6,8.5,15.6,,-0.5,0.3,-0.2,-0.013,,-3.6,-1.7,-5.3,-0.6
71,Rasual Butler,SG,31,CHI,6,26,14.5,0.727,0.636,0,0,4.4,2.3,0,0,0,15.4,23,,0,0,0.1,0.107,,1.2,-6.1,-4.9,0
72,Andrew Bynum,C,23,LAL,54,1500,21.1,0.606,0,0.506,13.3,24.7,19.2,7.7,0.7,5.4,12.8,17.6,,3.8,2.8,6.6,0.21,,0.5,2.8,3.3,2
73,Will Bynum,PG,28,DET,61,1125,15.2,0.524,0.123,0.3,1.6,6.7,4,28.6,2.5,0.3,15.3,22.5,,1.1,0.4,1.5,0.066,,-0.2,-2.9,-3.1,-0.3
74,José Calderón,PG,29,TOR,68,2102,16.3,0.522,0.262,0.173,1.7,9.9,5.7,43,2,0.3,18.8,16.8,,3.2,0.4,3.7,0.084,,1.4,-2.7,-1.3,0.4
75,Marcus Camby,C,36,POR,59,1540,14.8,0.426,0.003,0.238,13.8,35.2,24.1,11.7,1.4,5,16,11.7,,0.8,3,3.7,0.116,,-2.9,5.2,2.3,1.7
76,Derrick Caracter,C,22,LAL,41,215,10,0.532,0,0.348,10.3,12.2,11.3,5.1,1,3.5,20,20.2,,0,0.3,0.3,0.057,,-4.5,-0.3,-4.9,-0.2
77,Brian Cardinal,SF,33,DAL,56,618,9.7,0.672,0.87,0.18,2,8.9,5.6,9.1,2,0.9,13.6,9.5,,1,0.7,1.7,0.132,,1.1,1.3,2.4,0.7
78,Rodney Carney,SF,26,TOT,27,336,10.8,0.521,0.345,0.245,4.3,12.1,8.1,4.8,1.8,1.1,11.6,18.1,,0.1,0.2,0.3,0.038,,-2.5,-2.3,-4.9,-0.2
78,Rodney Carney,SF,26,GSW,25,331,10.7,0.526,0.346,0.252,4,12.3,8,4.9,1.7,1.2,11.9,18,,0.1,0.2,0.3,0.038,,-2.6,-2.4,-4.9,-0.2
78,Rodney Carney,SF,26,MEM,2,5,20.4,0.333,0.333,0,23.7,0,12,0,10.4,0,0,27.1,,0,0,0,0.071,,0.4,-1.2,-0.8,0
79,DeMarre Carroll,PF,24,TOT,12,50,8.7,0.388,0,0.167,4.7,14.5,9.6,10.7,1,1.6,0,11.6,,0,0,0.1,0.066,,-4.5,-1.3,-5.8,0
79,DeMarre Carroll,PF,24,MEM,7,39,12.4,0.506,0,0.222,6.1,18.6,12.3,7.3,1.3,2.1,0,11.4,,0.1,0,0.1,0.145,,-2,0.5,-1.5,0
79,DeMarre Carroll,PF,24,HOU,5,11,-4.5,0,0,0,0,0,0,22.8,0,0,0,12,,0,0,0,-0.214,,-13.3,-7.8,-21.1,-0.1
80,Matt Carroll,SG,30,CHA,54,582,12.2,0.53,0.231,0.261,2.5,11.7,7.1,6.9,1.6,0.8,9.4,19.8,,0.3,0.5,0.8,0.062,,-2.3,-2,-4.3,-0.3
81,Anthony Carter,PG,35,TOT,33,463,9.2,0.502,0.377,0.075,1.7,10.9,6.3,21.3,2.9,1,26.3,14.3,,-0.2,0.4,0.2,0.023,,-2.8,0.1,-2.8,-0.1
81,Anthony Carter,PG,35,DEN,14,153,5.4,0.421,0.4,0.067,0,8.8,4.5,23.2,3,0.5,31.2,13.1,,-0.2,0.2,-0.1,-0.018,,-4.8,0.1,-4.7,-0.1
81,Anthony Carter,PG,35,NYK,19,310,11.1,0.534,0.368,0.079,2.6,11.9,7.2,20.4,2.9,1.2,24.1,14.8,,0,0.3,0.3,0.044,,-1.9,0.1,-1.8,0
82,Vince Carter,SG,34,TOT,73,2051,14.8,0.528,0.36,0.194,3.1,12.4,7.8,12.1,1.7,0.7,8.5,23.5,,2,1.9,3.8,0.089,,1,-0.7,0.3,1.2
82,Vince Carter,SG,34,ORL,22,664,16.2,0.557,0.293,0.282,2,13.5,7.9,17.3,1.6,0.4,10.7,23.4,,1.1,1,2.1,0.151,,1.4,0.6,1.9,0.7
82,Vince Carter,SG,34,PHO,51,1387,14.2,0.516,0.389,0.157,3.6,11.8,7.7,9.6,1.7,0.9,7.5,23.5,,0.9,0.8,1.7,0.06,,0.8,-1.2,-0.4,0.5
83,Omri Casspi,SF,22,SAC,71,1702,11.7,0.517,0.452,0.185,4.8,16,10.3,6.6,1.6,0.6,10.3,16.7,,1.1,1.3,2.5,0.069,,-0.6,-0.7,-1.3,0.3
84,Mario Chalmers,PG,24,MIA,70,1579,10.3,0.538,0.595,0.16,1,9.5,5.5,16.8,2.5,0.3,18,15,,0.7,2.3,2.9,0.089,,-0.3,0.3,0,0.8
85,Tyson Chandler,C,28,DAL,74,2059,18.4,0.697,0,0.725,12.2,26.6,19.7,2.4,0.9,3,14.1,14.2,,5.8,3.5,9.4,0.218,,0.5,1.7,2.2,2.2
86,Wilson Chandler,SF,23,TOT,72,2401,14.6,0.537,0.336,0.169,3.6,15.9,9.7,8.1,1,2.9,9.2,20.9,,2.1,1.9,3.9,0.079,,-0.1,-0.5,-0.5,0.9
86,Wilson Chandler,SF,23,NYK,51,1759,15.7,0.548,0.344,0.167,4,15.8,9.8,8.1,1,2.9,8.1,21,,2.3,1.2,3.4,0.094,,0.7,-0.8,-0.2,0.8
86,Wilson Chandler,SF,23,DEN,21,642,11.6,0.505,0.311,0.174,2.4,16.1,9.4,8.3,1.1,2.8,12.5,20.6,,-0.2,0.7,0.5,0.037,,-2.1,0.5,-1.6,0.1
87,Josh Childress,SG,27,PHO,54,894,13,0.567,0.075,0.276,8.9,11.1,10,7,1.9,1.9,15.5,14.3,,0.8,0.6,1.4,0.076,,-0.7,1.3,0.5,0.6
88,Earl Clark,SF,23,TOT,42,464,10.1,0.456,0.032,0.297,9.5,15.7,12.7,3.1,0.9,3,13.5,20.5,,-0.4,0.7,0.3,0.03,,-5.9,-0.1,-6,-0.5
88,Earl Clark,SF,23,PHO,9,72,11.3,0.41,0,0.323,6.4,20.9,13.6,8.7,0.7,3.1,5.3,23.4,,-0.1,0.1,0,-0.01,,-6,-0.9,-6.9,-0.1
88,Earl Clark,SF,23,ORL,33,392,9.9,0.468,0.039,0.291,10.1,14.8,12.5,2.1,0.9,3,15.4,20,,-0.3,0.7,0.3,0.038,,-5.9,0.1,-5.8,-0.4
89,Jarron Collins,C,32,TOT,28,181,1.6,0.374,0,0.476,9.1,6.4,7.9,1.5,1.1,0.4,21.6,8.1,,-0.1,0.1,-0.1,-0.016,,-5.4,-0.8,-6.2,-0.2
89,Jarron Collins,C,32,LAC,23,157,1.8,0.438,0,0.667,5.3,7.4,6.3,0.9,1.3,0.5,20.5,6.9,,-0.1,0.1,0,0,,-5.5,-0.5,-6,-0.2
89,Jarron Collins,C,32,POR,5,24,0,0.167,0,0,34.2,0,17.8,5.9,0,0,25,15.6,,-0.1,0,-0.1,-0.124,,-4.7,-2.7,-7.4,0
90,Jason Collins,C,32,ATL,49,593,5.4,0.539,0.014,0.577,6.1,14.5,10.4,5.3,0.8,1.2,22.6,9.2,,0.1,0.5,0.6,0.049,,-4.4,0.5,-3.9,-0.3
91,Sherron Collins,PG,23,CHA,20,66,3.6,0.334,0.4,0.04,0,9.2,4.6,19.6,1.6,0,13.6,20.9,,-0.2,0,-0.2,-0.121,,-6.9,-3.3,-10.2,-0.1
92,Darren Collison,PG,23,IND,79,2360,15.6,0.534,0.143,0.267,1.9,8.6,5.3,28.9,1.9,0.4,16.6,21.9,,2.1,2.2,4.3,0.087,,0.2,-0.9,-0.7,0.8
93,Nick Collison,C,30,OKC,71,1524,10.8,0.6,0,0.302,9.5,14.6,12.1,6.7,1.4,1.5,16.7,9.8,,2.1,1.5,3.6,0.113,,-0.3,1.4,1,1.2
94,Mike Conley,PG,23,MEM,81,2872,15.9,0.521,0.228,0.259,1.3,9,5.1,28,2.6,0.5,14.2,19.4,,3.4,3.2,6.6,0.111,,1.4,-0.1,1.3,2.4
95,Brian Cook,PF,30,LAC,40,447,11.6,0.534,0.465,0.141,5,20,12.6,5.6,1.4,1.9,12.2,20.5,,0.1,0.5,0.6,0.064,,-1.8,-1.6,-3.5,-0.2
96,Daequan Cook,SG,23,OKC,43,598,12.8,0.63,0.851,0.11,1.6,12.1,7,5.3,1.2,0.1,8.2,15.7,,1.2,0.4,1.6,0.126,,2.5,-2.7,-0.2,0.3
97,Marcus Cousin,C,24,UTA,4,18,7.8,0.667,0,0,0,20.3,10.1,0,0,4.5,25,10.2,,0,0,0,0.008,,-7.5,-2.4,-9.9,0
98,DeMarcus Cousins,C,20,SAC,81,2309,14.6,0.484,0.018,0.4,10.4,24.4,17.2,14.7,1.9,2.1,18.5,27.2,,-1.9,2.9,1.1,0.022,,-2.9,1.5,-1.4,0.4
99,Jamal Crawford,SG,30,ATL,76,2297,14.2,0.545,0.399,0.297,1.2,5.6,3.4,17.7,1.3,0.5,12.8,23.4,,1.9,1.4,3.4,0.071,,0.7,-2.7,-2,0
100,Jordan Crawford,SG,22,TOT,42,1027,11.8,0.456,0.256,0.168,3.4,8.6,5.9,19.8,2,0.2,13.4,27,,-1,0.5,-0.6,-0.026,,-1.4,-2.5,-3.8,-0.5
100,Jordan Crawford,SG,22,ATL,16,160,7.6,0.421,0.351,0.078,6.8,14.2,10.5,16,1,0,15.8,28.1,,-0.4,0.1,-0.3,-0.09,,-4.5,-3,-7.5,-0.2
100,Jordan Crawford,SG,22,WAS,26,867,12.6,0.462,0.239,0.184,2.8,7.5,5.1,20.5,2.1,0.3,12.9,26.8,,-0.6,0.3,-0.3,-0.014,,-0.8,-2.4,-3.2,-0.3
101,Dante Cunningham,PF,23,TOT,78,1637,10.7,0.483,0.028,0.131,6.9,13.9,10.3,4.3,1.8,2.2,9.3,15.7,,0.3,1.7,2,0.06,,-3.2,0.5,-2.8,-0.3
101,Dante Cunningham,PF,23,POR,56,1108,9.5,0.457,0.014,0.155,7.7,13.4,10.4,4.3,1.9,2.4,9.6,14.5,,0.1,1.2,1.3,0.057,,-3.5,1,-2.5,-0.1
101,Dante Cunningham,PF,23,CHA,22,529,13.1,0.525,0.05,0.094,5.2,15,10.1,4.5,1.5,1.7,8.7,18.3,,0.2,0.5,0.7,0.065,,-2.6,-0.6,-3.2,-0.2
102,Stephen Curry,PG,22,GSW,74,2489,19.4,0.595,0.325,0.216,2.3,10.9,6.5,28.1,2.2,0.6,16.4,24.4,,5.4,1.3,6.6,0.128,,3.5,-1.6,1.9,2.4
103,Samuel Dalembert,C,29,SAC,80,1938,14.1,0.509,0.004,0.261,12.1,26.9,19.3,5.3,0.9,4.3,17.3,17.1,,0.4,2.5,2.9,0.072,,-3.6,1.6,-2,0
104,Erick Dampier,C,35,MIA,51,815,9.7,0.591,0.011,0.494,8.2,17.1,12.9,3.8,0.9,4.5,22.8,8.1,,0.5,1.4,1.9,0.109,,-2.8,3,0.3,0.5
105,Antonio Daniels,PG,35,PHI,4,35,6.7,0.51,0.4,0.4,0,16.5,8.2,7.9,0,0,14.5,9.1,,0,0,0,0.044,,-4.9,-1.1,-6,0
106,Marquis Daniels,SF,30,BOS,49,938,11.7,0.527,0.091,0.246,3.3,11,7.4,10.6,2.2,1.8,12.9,15.1,,0.3,1.7,2,0.103,,-2.3,2.6,0.3,0.6
107,Baron Davis,PG,31,TOT,58,1649,17,0.506,0.345,0.189,2.5,8.6,5.5,41.2,2.4,1.3,16.3,24.4,,1.5,1.3,2.8,0.081,,2.2,-1.5,0.7,1.1
107,Baron Davis,PG,31,LAC,43,1269,16.3,0.492,0.295,0.202,2.7,8.3,5.5,39.9,2.5,1.4,16,23.5,,1,1.1,2.1,0.079,,1.5,-1.1,0.4,0.8
107,Baron Davis,PG,31,CLE,15,380,19.3,0.548,0.489,0.152,1.8,9.3,5.4,45.4,2.2,1.2,17,27.3,,0.5,0.2,0.7,0.086,,4.5,-2.8,1.7,0.4
108,Ed Davis,PF,21,TOR,65,1602,15.8,0.583,0,0.343,12.1,22.3,17.1,3.8,1.3,3.2,10.1,13.3,,2.9,1.1,4,0.119,,-0.1,0.5,0.3,0.9
109,Glen Davis,C,25,BOS,78,2298,12.8,0.499,0.019,0.331,5.7,16.4,11.4,6.6,1.8,1,8.5,20.9,,0.6,4.3,4.9,0.102,,-2.8,1.4,-1.4,0.3
110,Austin Daye,SF,22,DET,72,1446,13,0.518,0.365,0.229,5.2,18.6,11.6,8.5,1.5,2.2,10.2,18.6,,1.2,0.9,2.1,0.07,,-0.6,-0.7,-1.3,0.3
111,Carlos Delfino,SF,28,MIL,49,1590,13.1,0.517,0.554,0.146,1.7,13.2,7.3,12.1,2.6,0.4,9.5,17.7,,0.9,2.6,3.5,0.105,,0.6,1.5,2.1,1.6
112,Luol Deng,SF,25,CHI,82,3208,15.5,0.549,0.288,0.291,4.4,12.8,8.7,11.9,1.3,1.1,10.7,20.9,,4.7,5.2,9.9,0.149,,1.2,1,2.2,3.4
113,DeMar DeRozan,SG,21,TOR,82,2851,14.5,0.53,0.045,0.348,3,10.2,6.5,8.6,1.5,0.8,9.8,23.2,,2.8,0.5,3.2,0.055,,-0.6,-1.9,-2.4,-0.3
114,Boris Diaw,PF,28,CHA,82,2778,13.9,0.558,0.292,0.159,4.5,13.6,9,20.6,1.4,1.3,16.7,16.8,,2.4,2.3,4.8,0.082,,0.8,0.7,1.5,2.5
115,Ike Diogu,PF,27,LAC,36,470,13.7,0.59,0,0.419,10.3,18.3,14.3,0.7,0.3,0.5,11.2,18.7,,0.7,0.3,1,0.104,,-2.9,-4.7,-7.6,-0.7
116,DeSagana Diop,C,29,CHA,16,181,5.4,0.347,0,0.458,8,18.9,13.4,5.7,1.2,6.7,27.6,10.3,,-0.3,0.3,-0.1,-0.016,,-7.4,4.2,-3.3,-0.1
117,Keyon Dooling,PG,30,MIL,80,1757,11.3,0.509,0.451,0.181,0.8,7.1,3.9,23.4,1.6,0.2,14,17.3,,0.8,2.1,2.9,0.08,,-1,-1.2,-2.2,-0.1
118,Joey Dorsey,C,27,TOR,43,522,14.2,0.529,0,0.657,17.5,25.8,21.6,7.4,2.4,2.5,23.4,14.3,,0.2,0.5,0.8,0.072,,-1.6,1.6,0,0.3
119,Toney Douglas,SG,24,NYK,81,1971,15.2,0.534,0.507,0.142,3.7,10.5,7.1,19.5,2.3,0.1,10,20.1,,3,1.2,4.2,0.101,,2.5,-1.8,0.7,1.4
120,Chris Douglas-Roberts,SF,24,MIL,44,884,11.5,0.517,0.168,0.326,0.9,11,5.8,9.8,1.8,1.2,10.1,18.4,,0.4,1.3,1.6,0.088,,-2.8,0.6,-2.3,-0.1
121,Zabian Dowdell,PG,26,PHO,24,292,11.7,0.457,0.08,0.136,2,5.9,4,27.7,3.5,0.5,18,25,,-0.4,0.2,-0.1,-0.019,,-3.5,-1,-4.6,-0.2
122,Goran Dragić,PG,24,TOT,70,1234,13.2,0.524,0.351,0.302,3.3,9.9,6.6,25.6,2.1,0.6,19,22.4,,0.2,0.8,1,0.04,,-0.3,-1.2,-1.5,0.2
122,Goran Dragić,PG,24,PHO,48,856,11.2,0.492,0.32,0.307,3.2,8.4,5.8,26.8,2.1,0.5,21.1,24,,-0.7,0.5,-0.2,-0.012,,-1.7,-1.3,-3,-0.2
122,Goran Dragić,PG,24,HOU,22,378,17.7,0.604,0.432,0.288,3.6,13.2,8.4,22.7,1.9,0.7,13,18.9,,0.9,0.3,1.2,0.157,,2.9,-0.9,2,0.4
123,Jared Dudley,SF,25,PHO,82,2140,15.6,0.598,0.402,0.347,6,11.2,8.6,7.6,2.1,0.7,9.6,16.9,,4.2,1.4,5.6,0.126,,2.6,0.2,2.8,2.5
124,Chris Duhon,PG,28,ORL,51,774,5.6,0.446,0.403,0.194,1.4,6.3,3.9,22.4,1.1,0.2,30.3,12,,-0.7,0.9,0.2,0.014,,-4.7,-0.4,-5.1,-0.6
125,Tim Duncan,C,34,SAS,76,2156,21.9,0.537,0.005,0.307,9.3,26.8,18.3,15.7,1.2,4.8,11.4,22.9,,3.7,4,7.7,0.171,,-0.1,3.9,3.8,3.2
126,Mike Dunleavy,SG,30,IND,61,1683,14.6,0.593,0.488,0.24,1.9,16.2,9.1,10.1,1.2,1.3,10.7,16.9,,2.6,1.9,4.5,0.129,,1.1,0.2,1.3,1.4
127,Ronald Dupree,SF,30,TOR,3,13,0.5,0.25,0.25,0,0,28,13.7,10.7,0,0,0,13.8,,0,0,0,-0.094,,-8.2,-2.5,-10.7,0
128,Kevin Durant,SF,22,OKC,78,3038,23.6,0.589,0.269,0.439,2.3,17.7,10.3,13.2,1.5,1.8,10.6,30.6,,8.6,3.3,12,0.189,,3.7,-0.8,2.9,3.7
129,Devin Ebanks,SG,21,LAL,20,118,19.4,0.507,0.098,0.451,14.9,11.1,13,2.8,1.8,3.2,8.9,25.9,,0.2,0.2,0.4,0.144,,-1.8,-2.5,-4.3,-0.1
130,Wayne Ellington,SG,23,MIN,62,1181,8.6,0.488,0.305,0.134,2.4,7.9,5.1,9.4,1.2,0.2,11.2,17.1,,0.1,0.1,0.3,0.01,,-2.2,-2.3,-4.6,-0.8
131,Monta Ellis,SG,25,GSW,80,3227,18.6,0.536,0.235,0.268,1.5,8.5,4.9,23.4,2.6,0.5,12.3,28.1,,4.3,1.7,6,0.089,,2,-1.8,0.2,1.8
132,Francisco Elson,C,34,UTA,62,610,8.9,0.529,0,0.274,6.9,16,11.4,7.9,1.8,1.9,20.2,11.9,,0.1,0.5,0.6,0.046,,-3.5,0.4,-3.1,-0.2
133,Melvin Ely,C,32,DEN,30,366,8.3,0.573,0,0.412,8.8,14.4,11.7,5.3,0.5,2.3,18.9,9,,0.3,0.3,0.6,0.083,,-2,1,-1,0.1
134,Semih Erden,C,24,TOT,41,595,10.3,0.593,0,0.541,7.9,15.8,12.1,5.1,1.3,3.1,19.8,13.7,,0.3,1.1,1.4,0.115,,-3,2.5,-0.5,0.2
134,Semih Erden,C,24,BOS,37,531,10.8,0.621,0,0.557,7.6,16.6,12.4,5.5,1.3,3.1,20.9,13.8,,0.4,1,1.4,0.128,,-2.7,2.8,0.1,0.3
134,Semih Erden,C,24,CLE,4,64,6.2,0.391,0,0.429,10.5,9.2,9.9,2.3,1.6,3.6,10.7,13.2,,0,0,0,0.002,,-5.5,0.1,-5.3,-0.1
135,Jeremy Evans,SF,23,UTA,49,463,18.8,0.678,0.009,0.322,9.3,16.1,12.6,8.5,1.9,3,12.6,14.9,,1.2,0.4,1.6,0.167,,1,0.2,1.2,0.4
136,Maurice Evans,SF,32,TOT,73,1549,9.1,0.513,0.394,0.137,3.9,8,5.9,4.5,1.1,0.7,6.8,14.2,,1,0.7,1.7,0.054,,-1.3,-1.6,-2.9,-0.4
136,Maurice Evans,SF,32,ATL,47,837,7.5,0.492,0.443,0.139,3.3,8.7,6,5.4,1,0.5,6.6,13,,0.3,0.6,0.9,0.05,,-2.1,-1.3,-3.4,-0.3
136,Maurice Evans,SF,32,WAS,26,712,10.9,0.531,0.35,0.135,4.5,7.1,5.8,3.4,1.3,1,7.1,15.8,,0.7,0.2,0.9,0.058,,-0.4,-1.9,-2.4,-0.1
137,Reggie Evans,PF,30,TOR,30,798,12.4,0.466,0.01,0.854,17.2,34.4,25.6,6.4,1.9,0.6,21.6,10.1,,0.5,0.8,1.3,0.077,,-1.8,1.4,-0.4,0.3
138,Tyreke Evans,SG,21,SAC,57,2107,14.4,0.482,0.159,0.285,2.4,12.7,7.4,24.9,2,1,14.9,25.3,,-0.1,1.7,1.6,0.036,,-0.6,0.1,-0.5,0.8
139,Patrick Ewing,SF,26,NOH,7,19,0.6,0.222,0.4,0.8,6.4,6.4,6.4,14.2,0,4.4,12.9,19.5,,-0.1,0,-0.1,-0.158,,-8.7,-0.6,-9.3,0
140,Christian Eyenga,SF,21,CLE,44,947,9,0.476,0.297,0.092,3.2,12,7.5,6.2,1.9,2.3,12.9,17.5,,-0.8,0.5,-0.3,-0.016,,-3.6,-0.1,-3.7,-0.4
141,Jordan Farmar,PG,24,NJN,73,1796,14.1,0.504,0.467,0.154,1.5,10.1,5.7,34.9,1.8,0.3,16.7,21.6,,0.8,1,1.9,0.05,,1.2,-2.1,-0.9,0.5
142,Derrick Favors,PF,19,TOT,78,1535,13.8,0.542,0,0.416,12.9,19.1,16,4.2,1,3.5,13.5,17.1,,1.5,1.4,2.9,0.091,,-2.1,0,-2.1,0
142,Derrick Favors,PF,19,NJN,56,1091,12.6,0.54,0,0.42,13.3,19.1,16.1,3.2,0.9,2.9,14.6,16.3,,0.9,1,1.9,0.083,,-2.5,-0.2,-2.7,-0.2
142,Derrick Favors,PF,19,UTA,22,444,16.8,0.545,0,0.407,12.1,19.2,15.6,6.7,1.3,4.9,11.3,19.2,,0.6,0.4,1,0.11,,-1.1,0.5,-0.7,0.1
143,Raymond Felton,PG-SG,26,TOT,75,2737,16.6,0.524,0.327,0.24,2,9.2,5.6,35.8,2.3,0.3,16.6,21.6,,3.6,1.8,5.4,0.094,,2,-1.7,0.3,1.6
143,Raymond Felton,PG,26,NYK,54,2074,17.3,0.524,0.335,0.226,2.2,8.6,5.3,37.3,2.3,0.4,16.7,22.6,,2.9,1.2,4,0.093,,2.3,-2,0.3,1.2
143,Raymond Felton,SG,26,DEN,21,663,14.7,0.523,0.299,0.294,1.4,11.3,6.5,31.1,2.1,0,16.3,18.5,,0.7,0.6,1.3,0.097,,0.9,-0.5,0.4,0.4
144,Rudy Fernández,SG,25,POR,78,1821,13.4,0.522,0.628,0.254,2.4,9.5,5.8,16.9,2.6,0.6,12.1,18.7,,2,1.8,3.8,0.1,,1.5,-0.6,0.9,1.3
145,Kyrylo Fesenko,C,24,UTA,53,456,5.8,0.441,0.01,0.46,8.9,19.8,14.3,5.9,0.5,2.9,17.2,14.6,,-0.4,0.3,-0.1,-0.011,,-5.7,-0.8,-6.5,-0.5
146,Landry Fields,SG,22,NYK,82,2541,13.5,0.598,0.364,0.244,4.7,18.9,11.7,9,1.6,0.5,13.8,13.5,,3.4,1.8,5.3,0.1,,0.5,0.1,0.6,1.7
147,Derek Fisher,PG,36,LAL,82,2297,8.9,0.486,0.301,0.195,0.7,6.6,3.7,14,2.3,0.3,10.9,12.8,,1.2,2.5,3.7,0.078,,-1.6,0.3,-1.2,0.4
148,Jonny Flynn,PG,21,MIN,53,983,7.1,0.444,0.338,0.142,1.3,7.5,4.3,27.6,1.7,0.2,26.4,18.5,,-1.6,0.2,-1.3,-0.064,,-4.4,-2.8,-7.2,-1.3
149,Gary Forbes,SF,25,DEN,63,791,11.7,0.524,0.212,0.319,4.2,12.5,8.5,9.7,1.5,0.6,12.9,20.1,,0.3,0.7,0.9,0.055,,-1.9,-1.1,-3,-0.2
150,T.J. Ford,PG,27,IND,41,773,9.9,0.434,0.136,0.203,2.5,9.1,5.8,28.4,2.3,0.8,19.7,18.3,,-0.7,0.8,0.2,0.011,,-3.5,-0.3,-3.8,-0.3
151,Jeff Foster,C,34,IND,56,940,14.3,0.497,0.018,0.287,19.1,22.3,20.7,7.3,1.3,2.4,12.1,10.1,,1.6,1.4,3,0.152,,-0.2,2.3,2.1,1
152,Randy Foye,SG,27,LAC,63,1551,11.4,0.516,0.409,0.281,1,6.7,3.9,17.5,1.6,1.1,13.7,19.9,,0.9,0.8,1.7,0.051,,-0.8,-1.8,-2.6,-0.2
153,Channing Frye,PF,27,PHO,77,2541,12.8,0.557,0.53,0.129,3,20.4,11.7,5.7,0.9,2.3,7.7,16.9,,2.7,2.1,4.7,0.09,,0.7,0.5,1.2,2
154,Dan Gadzuric,C-PF,32,TOT,42,463,9.9,0.419,0.008,0.209,17.2,16.4,16.8,4.5,1.4,4.8,17.1,16.5,,-0.3,0.4,0.1,0.014,,-4.6,0.6,-4,-0.2
154,Dan Gadzuric,C,32,GSW,28,297,10.2,0.419,0.011,0.159,19.8,12.9,16.4,5.3,1.7,4.6,18.2,17.1,,-0.2,0.2,0.1,0.013,,-3.7,0.4,-3.3,-0.1
154,Dan Gadzuric,PF,32,NJN,14,166,9.1,0.417,0,0.317,12.5,22.7,17.4,2.9,1,5.1,14.6,15.3,,-0.2,0.2,0.1,0.015,,-6.2,1,-5.2,-0.1
155,Sundiata Gaines,PG,24,TOT,24,301,11.3,0.459,0.362,0.343,4.9,10,7.4,22.8,2.8,0.3,18.3,22.1,,-0.3,0.2,-0.1,-0.015,,-1.6,-1.3,-2.9,-0.1
155,Sundiata Gaines,PG,24,MIN,8,65,4.9,0.398,0.273,0.455,1.7,8.8,5.1,13.7,2.3,0,18.5,21.2,,-0.2,0,-0.1,-0.102,,-6.3,-2.4,-8.7,-0.1
155,Sundiata Gaines,PG,24,TOR,6,90,9.3,0.465,0.429,0.171,2.6,8.1,5.3,19.5,2.3,0.8,17.5,22.7,,-0.1,0,-0.1,-0.05,,-2,-2.6,-4.6,-0.1
155,Sundiata Gaines,PG,24,NJN,10,146,15.3,0.484,0.354,0.417,7.9,11.7,9.7,28.9,3.3,0,18.6,22.2,,0,0.1,0.1,0.046,,0.7,0,0.8,0.1
156,Danilo Gallinari,PF-SF,22,TOT,62,2104,15.7,0.597,0.458,0.611,3.2,13.4,8.3,7.4,1.2,0.9,9.3,18.9,,4.9,1.2,6.1,0.139,,2.1,-1.6,0.5,1.3
156,Danilo Gallinari,PF,22,NYK,48,1671,15.6,0.6,0.47,0.57,3.3,12.5,7.8,7.4,1.1,0.8,8.4,18.5,,4.2,0.7,4.9,0.14,,2.4,-2,0.5,1
156,Danilo Gallinari,SF,22,DEN,14,433,15.9,0.587,0.412,0.771,3,16.8,10.1,7.5,1.5,1.6,12.5,20.6,,0.7,0.5,1.2,0.133,,0.7,-0.2,0.6,0.3
157,Francisco García,SF,29,SAC,58,1386,13.5,0.551,0.472,0.16,1.9,9.2,5.5,8,1.9,2.6,8.1,17.3,,1.9,1.1,3,0.104,,0.6,0,0.7,0.9
158,Kevin Garnett,PF,34,BOS,71,2220,20.6,0.575,0.006,0.264,4.9,28.7,17.5,13.5,2.3,2,11.1,22.3,,3.4,5.6,9,0.194,,0,4.1,4,3.4
159,Marc Gasol,C,26,MEM,81,2586,16.8,0.58,0.01,0.425,7.1,19.4,13.1,11.6,1.5,4.3,15.1,16.9,,4,3.9,7.9,0.146,,0.2,3.4,3.6,3.6
160,Pau Gasol,C,30,LAL,82,3037,23.3,0.589,0.003,0.384,10.3,20.5,15.6,15.1,0.8,3.3,9.8,21.8,,10,4.7,14.7,0.232,,3,2.2,5.3,5.6
161,Rudy Gay,SF,24,MEM,54,2152,17.8,0.548,0.166,0.277,4.5,14.2,9.3,11.6,2.2,2.2,12.2,23.3,,2.7,2.9,5.5,0.123,,1.4,1.4,2.7,2.6
162,Alonzo Gee,SG,23,TOT,56,1118,10.8,0.544,0.193,0.348,6.2,12.7,9.3,5.4,1.8,1.2,15.3,14.5,,0.5,0.6,1,0.045,,-2.2,-0.1,-2.3,-0.1
162,Alonzo Gee,SG,23,SAS,5,18,-2.1,0.333,0,0,13.2,6.3,9.7,0,0,7.9,50,15.3,,-0.1,0,-0.1,-0.175,,-12.1,1.4,-10.6,0
162,Alonzo Gee,SG,23,WAS,11,127,9.9,0.496,0.074,0.444,9.5,10.3,9.9,5.9,2.8,0,19.9,14,,0,0.1,0.1,0.023,,-3.1,-0.4,-3.4,0
162,Alonzo Gee,SG,23,CLE,40,973,11.1,0.552,0.209,0.342,5.6,13.1,9.3,5.5,1.7,1.3,14,14.6,,0.6,0.5,1,0.052,,-1.9,-0.1,-2,0
163,Paul George,SG,20,IND,61,1265,13,0.542,0.349,0.256,3.3,16.3,9.8,8.3,2.5,1.5,13.7,17.8,,0.5,1.9,2.4,0.091,,-1.2,1.2,0,0.6
164,Daniel Gibson,SG,24,CLE,67,1865,13.2,0.533,0.444,0.247,1.4,9.7,5.5,18.3,1.3,0.9,9.9,19.7,,2,0.4,2.4,0.062,,1,-2,-1,0.5
165,Taj Gibson,PF,25,CHI,80,1742,14.3,0.502,0.016,0.295,11.2,19.4,15.4,5.3,1.2,4.6,11.1,16.8,,1.4,3.8,5.2,0.143,,-2.7,2.8,0,0.9
166,Manu Ginóbili,SG,33,SAS,80,2426,21.7,0.581,0.433,0.403,2.1,11.8,7.1,26.4,2.6,0.8,12.7,26,,6.6,3.2,9.9,0.195,,4.9,0.4,5.3,4.5
167,Ryan Gomes,SF,28,LAC,76,2095,9,0.504,0.418,0.168,3.4,10.7,7.1,8.5,1.5,0.4,9.2,12.7,,1.3,1.2,2.5,0.057,,-1,-0.1,-1.1,0.5
168,Drew Gooden,PF,29,MIL,35,860,15.9,0.487,0.055,0.282,9.6,22.9,16.1,10.3,1.3,1.6,10.2,24.6,,0.3,1.5,1.8,0.101,,-2.3,0.8,-1.5,0.1
169,Ben Gordon,SG,27,DET,82,2131,12.4,0.548,0.345,0.208,2.2,9.3,5.6,13.2,1.2,0.6,14.4,21.5,,1.3,0.3,1.7,0.037,,0.1,-2.6,-2.5,-0.3
170,Eric Gordon,SG,22,LAC,56,2112,18.5,0.566,0.307,0.367,2.5,6.6,4.5,20.7,1.7,0.7,12,26.5,,4.2,1.1,5.3,0.12,,3.3,-2,1.3,1.7
171,Marcin Gortat,C,26,TOT,80,2032,17.8,0.594,0.007,0.32,8.5,27.4,18,5.5,0.9,3.3,10.5,17.1,,3.7,2.7,6.4,0.152,,-1,1.7,0.7,1.4
171,Marcin Gortat,C,26,ORL,25,396,13.7,0.562,0,0.222,11.5,23,17.4,6.8,0.9,4.1,16,12.4,,0.5,0.8,1.3,0.157,,-2.1,3.8,1.7,0.4
171,Marcin Gortat,C,26,PHO,55,1636,18.8,0.598,0.008,0.335,7.8,28.5,18.1,5.2,0.9,3.2,9.7,18.3,,3.2,1.9,5.1,0.151,,-0.7,1.2,0.5,1
172,Joey Graham,SF,28,CLE,39,586,7.7,0.518,0.168,0.201,1.5,15.3,8.2,5.2,0.5,0.9,12.6,17.2,,-0.2,0.1,0,-0.004,,-4.7,-2.4,-7.1,-0.8
173,Stephen Graham,SG,28,NJN,59,959,4.4,0.457,0.105,0.19,2,13.4,7.6,6.5,0.8,0.1,14.9,12.3,,-0.7,0.4,-0.3,-0.014,,-5.3,-0.7,-6,-0.9
174,Danny Granger,SF,27,IND,79,2763,17.8,0.554,0.323,0.37,3.5,13.5,8.5,13,1.6,1.6,12.3,26.7,,3.7,3.2,6.9,0.12,,1.9,-0.3,1.6,2.5
175,Aaron Gray,C,26,NOH,41,531,11,0.566,0,0.343,13.4,25.8,19.6,4.7,1.1,1.9,21.9,13.1,,0.3,0.8,1.1,0.1,,-3.1,1.2,-1.8,0
176,Danny Green,SG,23,SAS,8,92,13.2,0.586,0.543,0,3.9,14.8,9.5,3.6,1.1,0.8,12.5,20,,0,0.1,0.1,0.076,,-0.7,-2.3,-3,0
177,Jeff Green,PF-SF,24,TOT,75,2427,12.9,0.538,0.257,0.298,3.7,13.5,8.8,7.2,1.1,1.1,9.6,19.5,,2.4,2.4,4.8,0.095,,-0.4,-0.4,-0.8,0.7
177,Jeff Green,PF,24,OKC,49,1815,12.9,0.533,0.298,0.293,3.8,13.5,8.8,7.9,1.1,0.8,9.8,19.3,,1.9,1.4,3.3,0.087,,0.2,-0.7,-0.6,0.7
177,Jeff Green,SF,24,BOS,26,612,12.9,0.553,0.134,0.312,3.4,13.3,8.6,5.1,1.1,2,9.1,19.8,,0.5,1,1.5,0.118,,-2.1,0.5,-1.6,0.1
178,Willie Green,SG,29,NOH,77,1674,10.8,0.515,0.255,0.164,1.6,10.2,5.9,7.6,1.2,0.6,9.3,20.5,,0.3,1.5,1.8,0.052,,-1.9,-1.2,-3.1,-0.5
179,Donté Greene,SF,22,SAC,69,1127,9.7,0.482,0.399,0.168,4.8,10.2,7.4,6.5,1.6,1.3,12.6,18.2,,-0.2,0.8,0.5,0.022,,-2.2,-1.2,-3.4,-0.4
180,Orien Greene,SG,28,NJN,3,5,33,0.521,0,1,0,0,0,37.8,10.7,0,0,26.7,,0,0,0,0.293,,4.3,-1.9,2.4,0
181,Blake Griffin,PF,21,LAC,82,3112,21.9,0.549,0.017,0.505,10.2,26.9,18.6,18.7,1,1.1,11.7,27.3,,6.5,3.4,9.8,0.152,,2.2,0.9,3.2,4
182,Hamed Haddadi,C,25,MEM,31,168,19.7,0.55,0.017,0.397,16.9,31.6,24.2,4.8,0.6,6.3,13.9,21.2,,0.3,0.3,0.6,0.164,,-2.4,0.3,-2,0
183,Richard Hamilton,SG,32,DET,55,1498,15.8,0.52,0.215,0.256,1.9,8.7,5.1,19.8,1.4,0.2,10.5,26,,1.6,0.2,1.8,0.059,,0.9,-3.4,-2.5,-0.2
184,Tyler Hansbrough,PF,25,IND,70,1535,16.4,0.529,0.003,0.413,10.6,15.9,13.2,4.7,1.2,0.7,9.5,23.1,,2.2,1.6,3.8,0.118,,-1.5,-1.9,-3.3,-0.5
185,Luke Harangody,PF,23,TOT,49,640,10.1,0.444,0.32,0.126,7.5,18.9,13.2,7.6,1.2,2,6.9,16.8,,-0.1,0.7,0.6,0.048,,-2.8,0,-2.8,-0.1
185,Luke Harangody,PF,23,BOS,28,241,8.7,0.423,0.141,0.113,9.2,18.3,14,6.4,0.9,2.3,6.3,15.8,,-0.1,0.4,0.4,0.075,,-4.1,1,-3,-0.1
185,Luke Harangody,PF,23,CLE,21,399,11,0.455,0.415,0.133,6.4,19.3,12.7,8.3,1.4,1.9,7.1,17.5,,0,0.3,0.3,0.032,,-2.1,-0.7,-2.7,-0.1
186,James Harden,SG,21,OKC,82,2189,16.4,0.598,0.474,0.501,2.3,11,6.8,12.8,2.2,0.8,11.3,19.5,,5,2.1,7.1,0.156,,2.9,-0.6,2.3,2.4
187,Al Harrington,PF,30,DEN,73,1665,12.3,0.527,0.486,0.173,5.4,17.2,11.5,9.6,1.2,0.5,12.7,22.3,,0.6,1.5,2.1,0.06,,0.2,-1.2,-1.1,0.4
188,Devin Harris,PG,27,TOT,71,2254,17.2,0.545,0.221,0.494,0.9,8.2,4.5,38.2,1.7,0.2,17.3,24.6,,3.2,1,4.2,0.089,,1.6,-2.9,-1.3,0.4
188,Devin Harris,PG,27,NJN,54,1724,17.6,0.543,0.18,0.502,0.7,8.3,4.4,41.2,1.8,0.2,17.5,24.4,,2.6,0.9,3.4,0.096,,1.7,-2.6,-0.9,0.5
188,Devin Harris,PG,27,UTA,17,530,15.7,0.552,0.348,0.473,1.4,7.8,4.6,28.3,1.3,0.3,16.8,25.2,,0.7,0.1,0.8,0.068,,1.3,-3.9,-2.5,-0.1
189,Manny Harris,SG,21,CLE,54,933,10.4,0.486,0.318,0.322,4.3,13.2,8.6,14.8,1.7,0.6,16,19.1,,-0.4,0.4,0,0.002,,-2.5,-1.1,-3.6,-0.4
190,Mike Harris,PF,27,HOU,4,16,17.9,0.515,0,0.667,14.1,21.3,17.7,10.2,0,4.3,11.4,24.2,,0,0,0,0.102,,-2.3,-1.1,-3.4,0
191,Udonis Haslem,PF,30,MIA,13,345,12.7,0.549,0,0.233,10.6,25,18.2,2.7,1.1,0.7,12.9,14.8,,0.4,0.6,0.9,0.13,,-2.7,-0.6,-3.3,-0.1
192,Spencer Hawes,C,22,PHI,81,1718,12.8,0.481,0.065,0.155,8.7,22.5,15.6,11.2,0.9,3.1,13.8,18.9,,-0.3,2.6,2.4,0.066,,-3.1,1.8,-1.3,0.3
193,Chuck Hayes,C,27,HOU,74,2079,16.2,0.554,0.004,0.307,11.9,20.7,16.3,14.3,1.9,1.6,14.1,13,,3.9,2.4,6.3,0.146,,1,2.8,3.8,3
194,Gordon Hayward,SF,20,UTA,72,1218,10.7,0.578,0.253,0.331,4,9.8,6.9,10.2,1.3,1.3,17.3,15.3,,0.8,0.4,1.2,0.048,,-1.4,-1.4,-2.8,-0.2
195,Lazar Hayward,SF,24,MIN,42,419,10.8,0.464,0.39,0.273,5.9,12.8,9.3,10.3,1.4,1.3,9.9,19.5,,0.1,0.2,0.3,0.035,,-1.7,-1.9,-3.6,-0.2
196,Brendan Haywood,C,31,DAL,72,1331,11.7,0.532,0.004,0.794,11.8,20.9,16.5,2.1,0.6,4.2,14.5,12.4,,0.8,2.1,2.9,0.104,,-3.2,2.1,-1,0.3
197,Luther Head,PG,28,SAC,36,586,11.7,0.538,0.39,0.305,3,8.8,5.8,17.7,0.9,1.1,14.7,16.1,,0.6,0.2,0.9,0.073,,-0.7,-1.7,-2.5,-0.1
198,Gerald Henderson,SG,23,CHA,68,1661,13.2,0.509,0.063,0.286,3.5,11.6,7.5,10.7,1.6,1.6,9.1,19.9,,0.9,1.4,2.4,0.068,,-1.9,-0.3,-2.3,-0.1
199,Xavier Henry,SG,19,MEM,38,527,7,0.451,0.106,0.325,2,6.4,4.2,5,1.1,0.5,6.6,16.8,,-0.1,0.3,0.2,0.021,,-3.9,-2.1,-6,-0.5
200,Roy Hibbert,C,24,IND,81,2244,15.9,0.507,0.004,0.309,9.1,21,15.1,12.8,0.7,4.6,15.5,23.6,,0.3,3.3,3.6,0.077,,-2.5,2.3,-0.2,1
201,J.J. Hickson,C,22,CLE,80,2256,15.6,0.503,0.005,0.392,10.8,25,17.7,7.5,1.1,1.8,13.6,25.5,,-0.2,1.7,1.5,0.032,,-3.2,-1.1,-4.3,-1.3
202,Nenê Hilário,C,28,DEN,75,2291,20.4,0.657,0.008,0.615,7.5,20.8,14.4,10.4,1.8,2.4,13.9,18.8,,6.4,3.1,9.6,0.201,,2.3,2.3,4.6,3.8
203,George Hill,PG,24,SAS,76,2148,14.6,0.588,0.322,0.427,1.3,9.2,5.4,13.6,1.6,0.7,11.6,18.2,,4,2.1,6.1,0.136,,1.1,-0.1,1.1,1.7
204,Grant Hill*,SF,38,PHO,80,2409,14.7,0.563,0.138,0.312,3.7,12.5,8.1,13,1.4,1.1,12.5,20.1,,3.1,1.3,4.4,0.087,,0.3,0.2,0.5,1.5
205,Jordan Hill,C,23,HOU,72,1125,13,0.521,0.006,0.241,12.9,18,15.4,4,0.6,3.2,13.7,17.7,,0.8,1,1.8,0.079,,-2.8,-0.6,-3.4,-0.4
206,Kirk Hinrich,SG-PG,30,TOT,72,2157,12.3,0.543,0.302,0.202,1.1,8.9,4.9,21.1,1.8,0.6,15.1,16.7,,1.8,1.2,3,0.068,,-0.2,-1.3,-1.5,0.3
206,Kirk Hinrich,SG,30,WAS,48,1471,13.5,0.548,0.256,0.24,1,9.3,5,22.7,1.9,0.5,14.8,17.1,,1.7,0.6,2.3,0.076,,0.2,-1.4,-1.2,0.3
206,Kirk Hinrich,PG,30,ATL,24,686,9.8,0.53,0.411,0.114,1.2,8,4.7,17.9,1.5,0.8,16,16,,0.2,0.5,0.7,0.05,,-1.2,-0.9,-2,0
207,Jrue Holiday,PG,20,PHI,82,2901,15.4,0.525,0.222,0.209,2.7,10.5,6.6,29,2.2,0.8,16.7,20.8,,2.2,3.5,5.7,0.094,,0.8,0.6,1.4,2.5
208,Ryan Hollins,C,26,CLE,70,1182,10.7,0.642,0,0.744,6.6,11.6,9,3.6,1,2.7,18.7,13.7,,1.3,0.5,1.8,0.072,,-2.5,-0.2,-2.7,-0.2
209,Al Horford,C,24,ATL,77,2704,20.7,0.587,0.004,0.204,8.2,23.7,16,17.5,1.2,2.3,10.6,19.7,,6.4,3.7,10.1,0.179,,2,2.4,4.4,4.4
210,Eddie House,SG,32,MIA,56,978,11.9,0.535,0.545,0.125,1.2,9.5,5.6,10,1.7,0.2,7.9,17.6,,1,1.2,2.2,0.108,,0.2,-1.4,-1.2,0.2
211,Dwight Howard,C,25,ORL,78,2935,26.1,0.616,0.007,0.877,12.6,30.6,21.8,6.8,1.9,4.9,16.2,27.2,,6.7,7.7,14.4,0.235,,0.9,3.9,4.8,5
212,Josh Howard,SF,30,WAS,18,409,9.2,0.416,0.179,0.29,4.8,16.2,10.3,9.4,1.6,0.9,9.9,21.9,,-0.5,0.3,-0.2,-0.027,,-4.1,-1.6,-5.8,-0.4
213,Juwan Howard,PF,37,MIA,57,592,8.4,0.495,0,0.28,7.7,16.3,12.2,5.8,0.9,0.5,15.1,13.1,,0.2,0.8,0.9,0.074,,-3.8,-0.3,-4.1,-0.3
214,Lester Hudson,PG,26,WAS,11,73,6,0.349,0.625,0.167,1.5,6.5,3.9,34.1,2.8,1,21.4,19.8,,-0.2,0,-0.1,-0.082,,-4.2,-3.4,-7.6,-0.1
215,Kris Humphries,PF,25,NJN,74,2061,17.8,0.555,0.002,0.328,12.5,32.2,22.1,7,0.9,3,13.4,17.3,,2.7,2.7,5.4,0.125,,-1.5,1.5,0,1
216,Serge Ibaka,PF,21,OKC,82,2216,17.7,0.579,0.002,0.298,11.7,20.8,16.4,1.6,0.7,6.5,9.2,15.7,,4.3,3.2,7.6,0.164,,-1.1,1.2,0.1,1.1
217,Andre Iguodala,SF,27,PHI,67,2469,17.2,0.53,0.238,0.395,2.8,15.2,9,26.4,2.1,1.2,13.4,19.2,,3.3,3.5,6.7,0.13,,1.5,1.8,3.2,3.2
218,Zydrunas Ilgauskas,C,35,MIA,72,1145,12.8,0.531,0.003,0.144,11.9,17.5,14.9,3.6,1.1,4,13.3,16,,1,1.9,2.9,0.122,,-2.6,1,-1.5,0.1
219,Didier Ilunga-Mbenga,C,30,NOH,41,330,9.7,0.518,0,0.367,12.8,18.9,15.9,2.7,1,6.8,27,11.3,,0,0.6,0.5,0.076,,-4.9,3.6,-1.3,0.1
220,Ersan İlyasova,PF,23,MIL,60,1505,14.3,0.516,0.239,0.205,7.9,20.7,14.1,6.6,1.8,1.3,10.2,19.1,,1.1,2.7,3.8,0.121,,-1.4,1.2,-0.2,0.7
221,Royal Ivey,SG,29,OKC,25,155,8.2,0.527,0.421,0.053,1.6,10.2,6,6.8,2,0.5,11.4,12.8,,0.1,0.1,0.2,0.06,,-2.1,-0.9,-3,0
222,Jarrett Jack,SG-PG,27,TOT,83,1722,14.2,0.503,0.17,0.336,1.4,10.9,6.1,23.3,1.7,0.3,13.1,23,,0.9,1.4,2.4,0.066,,-1,-1.2,-2.2,-0.1
222,Jarrett Jack,PG,27,TOR,13,347,12.6,0.492,0.197,0.377,2,12.6,7.2,25.9,2.1,0,19.3,22.8,,-0.1,0.1,0,0.002,,-1.5,-1.7,-3.3,-0.1
222,Jarrett Jack,SG,27,NOH,70,1375,14.6,0.505,0.163,0.326,1.2,10.4,5.8,22.6,1.6,0.4,11.4,23.1,,1,1.3,2.4,0.082,,-0.9,-1.1,-2,0
223,Darnell Jackson,PF,25,SAC,59,486,12.3,0.521,0.07,0.31,11.2,10.8,11,4.6,1.2,0.4,11.4,18,,0.4,0.3,0.7,0.069,,-1.9,-2.4,-4.3,-0.3
224,Stephen Jackson,SG,32,CHA,67,2405,14.6,0.52,0.339,0.288,2.7,12.7,7.7,18.4,1.8,0.9,14.9,27.4,,-0.2,2.1,1.9,0.039,,0.6,-0.8,-0.2,1.1
225,Damion James,SF,23,NJN,25,403,10.1,0.477,0.029,0.272,4.8,20.5,12.5,8.1,2.1,2.3,17.8,16.2,,-0.4,0.5,0.1,0.015,,-5.1,1.7,-3.4,-0.1
226,LeBron James,SF,26,MIA,79,3063,27.3,0.594,0.188,0.446,3.3,18.7,11.4,34.9,2.1,1.3,13.8,31.5,,10.3,5.3,15.6,0.244,,6.5,2.1,8.6,8.2
227,Antawn Jamison,PF,34,CLE,56,1842,16.8,0.516,0.3,0.267,5.2,18.5,11.7,9.6,1.4,1.2,7.3,26,,1.5,1.1,2.6,0.067,,0.8,-1.7,-0.9,0.5
228,Othyus Jeffers,SG,25,TOT,17,322,13.3,0.546,0.062,0.708,8.5,15.4,11.9,9.3,2.7,0,14.1,13.6,,0.4,0.3,0.7,0.097,,-0.9,0.4,-0.5,0.1
228,Othyus Jeffers,SG,25,SAS,1,8,-0.5,0.333,0,0,0,28.4,14.5,18.6,0,0,25,23,,0,0,0,-0.183,,-12.4,-0.6,-13,0
228,Othyus Jeffers,SG,25,WAS,16,314,13.7,0.553,0.065,0.742,8.8,15.1,11.8,9,2.8,0,13.6,13.4,,0.4,0.3,0.7,0.104,,-0.6,0.4,-0.2,0.1
229,Al Jefferson,C,26,UTA,82,2940,20.1,0.528,0,0.219,9.6,23.2,16.3,9.2,0.8,4.2,6.8,24.2,,5.1,2.7,7.8,0.128,,0,0.1,0.1,1.5
230,Richard Jefferson,SF,30,SAS,81,2459,12.4,0.612,0.478,0.304,2.6,11.8,7.3,6.5,0.8,1,11.3,15.4,,3.7,2.1,5.9,0.115,,1.1,0,1.2,2
231,Jared Jeffries,PF,29,TOT,42,601,8,0.375,0.105,0.337,11.7,10.3,11,8.1,2.6,2,17.5,8.8,,0,0.5,0.6,0.045,,-2.1,2.3,0.2,0.3
231,Jared Jeffries,PF,29,HOU,18,138,9.5,0.334,0.167,0.278,16.4,12.3,14.4,11.1,2.6,1.5,9,14.2,,0,0.1,0.1,0.042,,-1.9,1.3,-0.6,0
231,Jared Jeffries,PF,29,NYK,24,463,7.6,0.403,0.06,0.38,10.3,9.7,10,7.2,2.6,2.2,22.6,7.2,,0.1,0.4,0.4,0.046,,-2.2,2.6,0.4,0.3
232,Brandon Jennings,PG,21,MIL,63,2169,15.6,0.493,0.327,0.266,2.2,10.6,6.3,25.9,2.3,0.8,12.4,25.5,,0.6,3.3,3.9,0.086,,1.1,0.7,1.8,2.1
233,Eugene Jeter,PG,27,SAC,62,858,11.1,0.46,0.116,0.158,1.2,8.3,4.6,28.4,1.7,0.2,15.5,16.5,,0.2,0.5,0.7,0.037,,-3,-2.4,-5.4,-0.7
234,Yi Jianlian,PF,23,WAS,63,1112,10.1,0.459,0.037,0.262,7.8,18,12.7,3.5,1.2,2.2,11.6,17.4,,-0.4,0.8,0.4,0.016,,-4.7,-1.2,-5.9,-1.1
235,Amir Johnson,PF,23,TOR,72,1853,17.6,0.608,0.002,0.323,11.8,17.8,14.7,6.8,1.5,3.6,10.9,15.3,,4.4,1.2,5.6,0.146,,1.5,1.1,2.7,2.2
236,Armon Johnson,PG,21,POR,38,277,9.3,0.497,0.119,0.218,4.7,11.5,7.9,28.1,1,0.3,25.6,25.1,,-0.4,0.2,-0.3,-0.044,,-4.4,-2.4,-6.8,-0.3
237,Chris Johnson,C,25,TOT,14,138,10.2,0.554,0,0.952,10.3,18.2,14.2,3.2,1.2,5.3,25.1,13.5,,0,0.2,0.2,0.08,,-4.9,2,-2.9,0
237,Chris Johnson,C,25,POR,10,106,10.3,0.521,0,1,12.2,19.3,15.6,2.8,1.5,4.7,23.6,15,,0,0.2,0.2,0.069,,-5.1,1.3,-3.8,0
237,Chris Johnson,C,25,BOS,4,32,9.9,0.773,0,0.667,4.1,14.5,9.6,4.5,0,7.3,34,8.8,,0,0.1,0.1,0.118,,-4.4,4.2,-0.1,0
238,James Johnson,SF,23,TOT,38,822,12.6,0.505,0.143,0.3,5.2,15.4,10.2,16.4,2.1,3.4,19.3,18.2,,-0.1,0.8,0.6,0.036,,-1.9,1.9,0,0.4
238,James Johnson,SF,23,CHI,13,123,8.8,0.449,0.22,0.317,5.9,16.7,11.4,18.1,3.5,5.6,27.8,24.2,,-0.4,0.3,0,-0.014,,-6.3,5.1,-1.2,0
238,James Johnson,SF,23,TOR,25,699,13.2,0.517,0.128,0.296,5.1,15.1,10,16.1,1.8,3,17.2,17.1,,0.2,0.4,0.6,0.044,,-1.1,1.3,0.3,0.4
239,Joe Johnson,SG,29,ATL,72,2554,16.4,0.517,0.258,0.209,2.8,10.9,6.9,24,1,0.2,10.3,26.3,,2.5,1.8,4.2,0.08,,1.6,-1.8,-0.2,1.2
240,Trey Johnson,SG,26,TOT,8,94,8.3,0.455,0.091,0.303,2.5,6.5,4.4,17.4,0.5,0.8,11.8,20.2,,0,0,0,-0.009,,-3.7,-4,-7.6,-0.1
240,Trey Johnson,SG,26,TOR,7,81,7,0.418,0.1,0.267,2.9,7.5,5.1,20.2,0.6,0.9,13,21.3,,-0.1,0,-0.1,-0.048,,-4.4,-3.9,-8.3,-0.1
240,Trey Johnson,SG,26,LAL,1,13,16.2,0.773,0,0.667,0,0,0,0,0,0,0,13.6,,0.1,0,0.1,0.23,,0.8,-4.5,-3.7,0
241,Wesley Johnson,SG,23,MIN,79,2069,10.2,0.491,0.424,0.135,2.7,10.4,6.4,11,1.4,2,11.6,16.8,,0.4,0.9,1.3,0.03,,-1.1,-0.4,-1.6,0.2
242,Dahntay Jones,SG,30,IND,45,589,13.7,0.558,0.182,0.421,0.8,11.4,6.1,9.5,1.7,0.9,10.9,21.4,,0.6,0.6,1.2,0.102,,-1.7,-1.4,-3.1,-0.2
243,Dominique Jones,SG,22,DAL,18,135,10.6,0.4,0.089,0.378,5.4,15.9,10.8,20.8,1.9,1.7,16,21.7,,-0.2,0.2,0,0.007,,-5.1,1.7,-3.4,0
244,James Jones,SF,30,MIA,81,1549,11.1,0.629,0.829,0.208,1.9,9.9,6.1,4.1,1,1,5.3,12,,3,1.7,4.7,0.145,,1.8,-0.9,0.9,1.1
245,Solomon Jones,C,26,IND,39,528,8.5,0.469,0.008,0.512,9.5,14.2,11.9,8.5,1.2,3,19.1,15.4,,-0.2,0.6,0.5,0.042,,-4.1,1.6,-2.6,-0.1
246,DeAndre Jordan,C,22,LAC,80,2047,14.8,0.648,0.003,0.636,11.9,20.9,16.5,3.2,1,5.4,18.8,11.7,,2.6,2.6,5.2,0.122,,-1.2,2.5,1.3,1.7
247,Chris Kaman,C,28,LAC,32,838,15.7,0.495,0,0.152,7.2,24.1,15.7,10,1,4.5,12.6,24.4,,-0.2,1.1,0.8,0.047,,-3.7,1.2,-2.5,-0.1
248,Jason Kapono,SF,29,PHI,24,112,1.6,0.277,0.286,0.071,3.1,8.2,5.7,5,0.9,0.7,6.5,12.7,,-0.3,0.1,-0.2,-0.07,,-7.3,-1.1,-8.4,-0.2
249,Jason Kidd*,PG,37,DAL,80,2653,14.4,0.5,0.656,0.129,1.6,13.4,7.7,35.4,2.7,0.8,22.1,14.3,,2.5,3.9,6.4,0.116,,1,2.1,3.1,3.4
250,Andrei Kirilenko,SF,29,UTA,64,1999,16.6,0.567,0.181,0.498,6,13.8,9.9,14.9,2.1,3,15,17.8,,2.9,1.7,4.5,0.109,,0.8,1.3,2.2,2.1
251,Linas Kleiza,SF,26,TOR,39,1032,10.1,0.502,0.323,0.16,4.1,16.5,10.2,6.2,1,0.5,13,21.7,,-0.5,0.2,-0.3,-0.012,,-2,-2.7,-4.7,-0.7
252,Kyle Korver,SG,29,CHI,82,1649,13,0.572,0.519,0.156,0.9,9.5,5.3,12.1,1.1,0.9,9.2,18.3,,2.7,2.4,5.1,0.149,,0.8,-0.9,0,0.8
253,Kosta Koufos,C,21,TOT,50,434,12.6,0.474,0.013,0.287,14.6,19.1,16.8,2.5,1.1,4.4,15.5,19.9,,-0.2,0.4,0.2,0.027,,-5.1,-1.5,-6.7,-0.5
253,Kosta Koufos,C,21,MIN,39,336,10.4,0.447,0.019,0.222,13.5,18.7,16,3.2,1.2,4.5,17.4,18.2,,-0.3,0.3,0,-0.004,,-5.5,-0.3,-5.8,-0.3
253,Kosta Koufos,C,21,DEN,11,98,20.3,0.536,0,0.452,18.2,20.6,19.4,0,1,3.9,10.6,25.6,,0.1,0.1,0.3,0.133,,-4,-5.7,-9.7,-0.2
254,Nenad Krstić,C,27,TOT,71,1571,13.1,0.557,0,0.323,9.9,15.4,12.7,2.8,0.9,1.2,9.8,16.9,,2.3,1.7,4,0.122,,-1.6,-1.2,-2.7,-0.3
254,Nenad Krstić,C,27,OKC,47,1018,12.5,0.534,0,0.216,9.2,14.4,11.9,3,0.9,1.2,9,16.4,,1.2,0.8,2,0.096,,-1.8,-1.5,-3.2,-0.3
254,Nenad Krstić,C,27,BOS,24,553,14.3,0.598,0,0.544,11.1,17,14.2,2.3,0.8,1.1,11.2,17.8,,1,0.9,2,0.17,,-1.2,-0.6,-1.8,0
255,Carl Landry,PF,27,TOT,76,2008,14.8,0.555,0.006,0.419,9.3,10.8,10,5.2,1,1.2,11.8,20.5,,2.8,1.3,4.1,0.098,,-0.8,-1.2,-2,0
255,Carl Landry,PF,27,SAC,53,1406,14.7,0.545,0.006,0.444,10,10.5,10.2,5.7,1.1,1,12.4,20.3,,1.8,0.7,2.5,0.086,,-0.7,-1.3,-2,0
255,Carl Landry,PF,27,NOH,23,602,15.2,0.578,0.005,0.36,7.6,11.4,9.5,3.8,0.9,1.7,10.3,20.8,,1,0.6,1.6,0.125,,-0.8,-0.9,-1.7,0
256,Acie Law,PG,26,TOT,51,726,9.9,0.502,0.194,0.344,1.9,8.2,5,16.3,2.2,0,16.7,15.7,,0.1,0.3,0.4,0.027,,-3,-1.9,-4.8,-0.5
256,Acie Law,PG,26,MEM,11,94,0.4,0.256,0.316,0.526,3.8,10.3,7,19.3,2.2,0,29.9,16,,-0.4,0.1,-0.3,-0.138,,-8,-0.3,-8.3,-0.1
256,Acie Law,PG,26,GSW,40,632,11.3,0.532,0.18,0.323,1.6,7.9,4.7,15.9,2.2,0,14.7,15.6,,0.5,0.2,0.7,0.052,,-2.2,-2.1,-4.3,-0.4
257,Gani Lawal,PF,22,PHO,1,2,-9.1,,,,0,0,0,0,0,0,,0,,0,0,0,-0.009,,-5.4,0.5,-4.9,0
258,Ty Lawson,PG,23,DEN,80,2103,17.9,0.593,0.249,0.327,3.8,7.6,5.7,28.3,1.9,0.1,14.8,19.6,,5.1,1.6,6.7,0.153,,3.1,-1.2,1.9,2.1
259,Courtney Lee,SG,25,HOU,81,1723,12.6,0.534,0.302,0.208,3.3,10.4,6.9,8.9,1.7,0.7,9.8,17.9,,1.6,1.1,2.7,0.076,,-0.5,-0.9,-1.4,0.2
260,David Lee,PF,27,GSW,73,2634,17.8,0.549,0.003,0.273,9.1,21.9,15.4,14,1.4,0.9,13.4,21.2,,4.1,2,6,0.11,,0.1,0.1,0.3,1.5
261,Rashard Lewis,SF-PF,31,TOT,57,1824,12,0.535,0.419,0.165,4.4,14,9.1,8.1,1.5,1.3,12.2,17.6,,1.2,1.9,3,0.079,,-0.2,0.3,0.2,1
261,Rashard Lewis,PF,31,ORL,25,810,11,0.524,0.444,0.167,3.4,11.7,7.6,5.9,1.4,1,10.8,18.6,,0.3,1.2,1.5,0.091,,-0.6,0.8,0.2,0.4
261,Rashard Lewis,SF,31,WAS,32,1014,12.8,0.544,0.397,0.163,5.2,15.9,10.4,9.9,1.5,1.5,13.5,16.8,,0.8,0.7,1.5,0.07,,0.2,0,0.1,0.5
262,Jeremy Lin,PG,22,GSW,29,285,14.8,0.458,0.069,0.347,4.7,8.9,6.8,20.4,5.9,2.4,17.8,15.6,,0,0.4,0.5,0.078,,-2.4,3,0.6,0.2
263,Shaun Livingston,PG,25,CHA,73,1261,14.3,0.53,0.01,0.315,2.8,11.6,7.2,22.5,2,1.9,16.3,20.1,,0.7,1.2,1.9,0.073,,-2,0.1,-1.9,0
264,Brook Lopez,C,22,NJN,82,2889,19.3,0.549,0.001,0.374,7.8,12.3,10,8.8,0.9,3.2,10.4,27.3,,4.4,1.9,6.3,0.105,,0.6,-0.4,0.1,1.5
265,Robin Lopez,C,22,PHO,67,991,13.9,0.539,0,0.28,9.5,15.6,12.6,1.3,0.9,3.4,10.7,20.4,,0.8,0.8,1.5,0.074,,-3.3,-1.6,-4.9,-0.7
266,Kevin Love,PF,22,MIN,73,2611,24.3,0.593,0.206,0.486,13.7,34.2,23.6,11.8,0.9,0.8,11.1,22.9,,8.9,2.5,11.4,0.21,,3.9,-0.2,3.7,3.8
267,Kyle Lowry,PG,24,HOU,75,2563,16.5,0.55,0.424,0.31,3.9,9.7,6.8,29.4,2,0.6,14.7,18.6,,5.1,1.8,7,0.13,,3.1,-0.4,2.7,3
268,John Lucas III,PG,28,CHI,2,10,-0.1,0.258,0.333,0.667,0,0,0,15,0,0,0,17.8,,0,0,0,-0.121,,-8.9,-6.9,-15.8,0
269,Corey Maggette,SF,31,MIL,67,1401,15.8,0.573,0.14,0.581,3.6,16.8,10,11.3,0.8,0.3,15.3,27.7,,1.5,1.9,3.4,0.115,,-1.3,-1.4,-2.7,-0.2
270,Jamaal Magloire,C,32,MIA,18,158,12.7,0.585,0,0.818,13.6,31.2,22.9,2.8,1.3,1,14.3,10.3,,0.3,0.3,0.6,0.172,,-2.5,-0.1,-2.7,0
271,Ian Mahinmi,C,24,DAL,56,488,13.7,0.645,0.02,0.837,10.7,17.8,14.4,2.5,1.5,2.3,15.7,15.3,,1,0.8,1.8,0.177,,-1.3,0.8,-0.6,0.2
272,Shawn Marion,SF,32,DAL,80,2253,17,0.551,0.04,0.197,9.1,19.2,14.3,8.3,1.6,1.7,12.5,21.5,,2.3,3.4,5.6,0.12,,-0.7,1.8,1.2,1.8
273,Sean Marks,C,35,POR,29,208,4.9,0.473,0.045,0.182,9,14.8,11.8,2.9,0.8,2,18.8,13.1,,-0.1,0.2,0.1,0.019,,-5.3,-0.7,-6,-0.2
274,Cartier Martin,SF,26,WAS,52,542,11.7,0.524,0.544,0.22,4.1,11.8,7.8,5.2,1.7,0.8,7.4,17.6,,0.5,0.3,0.8,0.071,,-0.3,-2.7,-3,-0.1
275,Kenyon Martin,PF,33,DEN,48,1233,14.1,0.526,0.025,0.199,6.5,20.9,13.9,13.6,1.8,2.2,13,16.4,,1,1.6,2.7,0.104,,-0.9,2.7,1.8,1.2
276,Kevin Martin,SG,27,HOU,80,2603,21.4,0.601,0.362,0.528,1.2,10,5.6,13,1.6,0.4,10.5,29.6,,8,1.5,9.5,0.175,,4.4,-2.8,1.6,2.3
277,Roger Mason,SG,30,NYK,26,319,7.1,0.461,0.571,0.13,1.8,13.7,7.7,8.8,0.9,0.5,6.9,12.2,,0.1,0.1,0.2,0.029,,-2.4,-2,-4.4,-0.2
278,Wesley Matthews,SG,24,POR,82,2758,15.5,0.582,0.386,0.322,2,9.7,5.7,10.2,2,0.3,11,21.3,,5,2.3,7.2,0.126,,2.1,-1.1,1.1,2.1
279,Jason Maxiell,PF,27,DET,57,930,9.4,0.51,0,0.524,8.3,14.7,11.4,2.7,1.4,1.8,15.9,13.9,,0,0.4,0.5,0.024,,-3.6,-0.9,-4.5,-0.6
280,Eric Maynor,PG,23,OKC,82,1200,11.7,0.485,0.288,0.177,2.5,9.1,5.9,30.3,1.5,0.4,17.7,16.5,,0.7,0.8,1.5,0.061,,-1.2,-2.1,-3.4,-0.4
281,O.J. Mayo,SG,23,MEM,71,1869,12.6,0.499,0.353,0.175,2.2,8.7,5.4,12.1,2,1.1,11,21.8,,0.5,1.9,2.4,0.062,,-0.2,-0.9,-1.1,0.4
282,Luc Mbah a Moute,PF,24,MIL,79,2093,11.5,0.518,0.016,0.439,9.2,14.3,11.7,5.3,1.8,1.1,13.1,13.1,,1.5,3.3,4.8,0.109,,-2.3,2.2,0,1
283,Antonio McDyess,PF,36,SAS,73,1387,12.8,0.516,0.003,0.224,10.5,22.3,16.5,9,1.3,2,16,14.9,,1,2.1,3,0.105,,-2.2,2.2,0,0.7
284,JaVale McGee,C,23,WAS,79,2193,17.4,0.566,0.005,0.381,11.2,22.2,16.5,2.8,1,6.7,12.6,16.3,,2.7,2.5,5.3,0.115,,-1.8,1.7,-0.1,1
285,Tracy McGrady*,SG,31,DET,72,1686,14.9,0.503,0.171,0.251,3.4,15.4,9.1,23.6,2.1,1.6,15.2,18.6,,1,1.1,2.1,0.061,,-0.5,0.2,-0.3,0.7
286,Dominic McGuire,SF,25,CHA,52,760,10.4,0.437,0.011,0.214,10,21.8,15.9,9,0.7,3.5,11.2,13.8,,0.1,0.9,0.9,0.059,,-4,1.5,-2.5,-0.1
287,Josh McRoberts,PF,23,IND,72,1597,16,0.608,0.155,0.308,7.6,18.8,13.3,15,1.5,2.6,17.5,14.7,,2.6,2.2,4.9,0.147,,0.4,2.5,2.9,2
288,Jodie Meeks,SG,23,PHI,74,2062,12.6,0.6,0.611,0.298,1.2,8.4,4.8,5.7,1.6,0.1,8.5,15.7,,3.2,1.9,5.1,0.12,,1.6,-1,0.6,1.4
289,Pops Mensah-Bonsu,PF,27,NOH,7,35,-0.1,0.333,0,0,10.4,28,19.1,8,0,0,40,6.8,,0,0,0,0.013,,-6.6,1.2,-5.4,0
290,C.J. Miles,SF,23,UTA,78,1969,14.4,0.507,0.377,0.218,3.3,12.4,7.8,11.7,2,1.6,8.6,25.1,,1.2,1.3,2.5,0.061,,0.4,-2.1,-1.6,0.2
291,Darko Miličić,C,25,MIN,69,1686,12.2,0.482,0,0.199,8.5,15.4,11.8,9.9,1.6,6.3,19.4,19.7,,-1.5,1.7,0.2,0.007,,-3.8,3,-0.8,0.5
292,Andre Miller,PG,34,POR,81,2650,17.8,0.529,0.044,0.346,4.3,9.9,7,35.7,2.3,0.4,16.8,20.6,,4.6,2.4,7,0.127,,1.3,-0.2,1.1,2.1
293,Brad Miller,C,34,HOU,60,1015,16.3,0.566,0.361,0.318,4.9,19.9,12.4,21.4,1.4,1.4,13.8,17,,2,1,3,0.142,,1.2,0.6,1.7,0.9
294,Mike Miller,SG,30,MIA,41,838,9.7,0.525,0.584,0.168,5.7,19.5,13,9.1,1.3,0.2,15.9,14.4,,0.4,1.2,1.6,0.09,,-0.8,0.2,-0.6,0.3
295,Patty Mills,PG,22,POR,64,783,13,0.506,0.405,0.143,2.8,5.2,4,24.3,1.9,0.1,15.1,24.5,,0.2,0.5,0.7,0.044,,-0.1,-3.5,-3.6,-0.3
296,Paul Millsap,PF,25,UTA,76,2605,19.8,0.578,0.023,0.342,7.5,19.4,13.4,12.6,2.1,2.2,11.3,22.6,,5.2,2.5,7.7,0.143,,1.6,0.7,2.4,2.9
297,Yao Ming*,C,30,HOU,5,91,19.8,0.579,0,0.432,8.7,24.9,16.8,7.3,0,6.1,13.7,24.8,,0.2,0.1,0.3,0.147,,-2.8,0,-2.8,0
298,Nazr Mohammed,C,33,TOT,75,1280,15.9,0.538,0.002,0.25,13.2,21.2,17.2,3.3,1.2,3.5,12.3,20.6,,1,1.6,2.7,0.1,,-2.5,-0.8,-3.3,-0.4
298,Nazr Mohammed,C,33,CHA,51,851,15.9,0.52,0.003,0.278,13.3,22.6,17.9,3.7,0.9,4.4,12.5,22.4,,0.3,1.1,1.4,0.08,,-3.3,-0.8,-4.1,-0.5
298,Nazr Mohammed,C,33,OKC,24,429,16,0.583,0,0.183,13,18.5,15.8,2.4,1.9,1.7,11.8,17,,0.7,0.5,1.2,0.139,,-0.7,-1,-1.7,0
299,Greg Monroe,C,20,DET,80,2222,18,0.575,0.002,0.424,13,20.4,16.5,7.5,2.3,1.6,11,15.4,,4.7,1.9,6.6,0.143,,1.4,1,2.5,2.5
300,Jamario Moon,SF,30,TOT,59,1042,10.1,0.499,0.496,0.069,2.5,16,9.1,7.8,1.4,2.4,7.9,12,,0.4,0.7,1.1,0.05,,-2.3,0.5,-1.9,0
300,Jamario Moon,SF,30,CLE,40,764,10.7,0.488,0.503,0.058,2,16.1,8.9,9.3,1.7,2.7,8.1,12.5,,0.2,0.5,0.7,0.043,,-2.3,0.9,-1.4,0.1
300,Jamario Moon,SF,30,LAC,19,278,8.4,0.535,0.475,0.102,3.8,15.9,9.9,3.8,0.6,1.7,7.5,10.7,,0.2,0.2,0.4,0.068,,-2.5,-0.8,-3.3,-0.1
301,Anthony Morrow,SG,25,NJN,58,1856,12.1,0.573,0.419,0.173,2.3,8.8,5.5,6.3,0.5,0.3,7.5,18,,2.6,0.4,3,0.078,,1.1,-2.3,-1.2,0.4
302,Timofey Mozgov,C,24,TOT,45,524,10.8,0.523,0,0.391,10,16.4,13.2,4.2,1.4,3.5,18.3,16.2,,0.1,0.5,0.6,0.053,,-4,-0.2,-4.3,-0.3
302,Timofey Mozgov,C,24,NYK,34,458,10.3,0.514,0,0.393,10.1,15.8,13,4.8,1.5,3.7,19.6,15.8,,0,0.4,0.4,0.044,,-4,0.4,-3.6,-0.2
302,Timofey Mozgov,C,24,DEN,11,66,14.4,0.571,0,0.381,9,20.4,14.9,0,0.8,2.3,10.9,18.6,,0.1,0.1,0.2,0.112,,-4.6,-4.5,-9,-0.1
303,Byron Mullens,PF,21,OKC,13,85,3.5,0.366,0,0.5,8.6,24,16.5,0,1.2,2.6,19,22.5,,-0.3,0.1,-0.2,-0.113,,-12.5,-4.7,-17.2,-0.3
304,Troy Murphy,PF,30,TOT,35,466,8,0.428,0.289,0.263,5.8,23.4,14.5,7.6,1.7,0.5,13.6,14.8,,-0.4,0.7,0.3,0.029,,-4.5,0.7,-3.8,-0.2
304,Troy Murphy,PF,30,NJN,18,288,6.7,0.389,0.303,0.224,4.4,27,15.4,9.2,1.3,0.5,13.5,15.6,,-0.4,0.3,-0.1,-0.022,,-5.7,0.1,-5.5,-0.3
304,Troy Murphy,PF,30,BOS,17,178,10.1,0.503,0.263,0.342,8.1,17.6,13.1,5,2.4,0.4,13.8,13.7,,0.1,0.4,0.4,0.111,,-2.7,1.6,-1.1,0
305,Hamady N'Diaye,C,24,WAS,16,80,5.3,0.681,0,2.4,2.8,7.4,5,0,1.3,4.8,22.6,7.3,,0,0,0.1,0.046,,-4.8,0.2,-4.6,-0.1
306,Eduardo Nájera,PF,34,CHA,31,372,5.5,0.449,0.472,0.153,4.5,9.8,7.2,8.2,1.6,1.3,14.5,11.3,,-0.1,0.3,0.2,0.02,,-3.2,0.1,-3.1,-0.1
307,Steve Nash*,PG,36,PHO,75,2497,20.8,0.601,0.253,0.307,1.8,10.2,6,53.1,1,0.1,22.4,21.4,,7.3,0.7,7.9,0.153,,3.6,-3,0.6,1.6
308,Gary Neal,SG,26,SAS,80,1685,13.1,0.578,0.487,0.165,1.5,11.8,6.8,9.1,0.8,0.2,10.3,20.6,,2.1,1.4,3.5,0.099,,0.9,-1.9,-1.1,0.4
309,Jameer Nelson,PG,28,ORL,76,2319,15.4,0.548,0.354,0.193,1.9,9.3,5.7,33.7,1.7,0.1,17.6,22,,3.4,3.2,6.6,0.136,,1.8,-0.2,1.6,2.1
310,Joakim Noah,C,25,CHI,48,1576,18.8,0.579,0.002,0.468,13.9,22.8,18.5,10.7,1.6,3.5,15.7,16.8,,3.1,3.6,6.7,0.205,,0.7,4.2,4.9,2.8
311,Andrés Nocioni,SF,31,PHI,54,931,10.1,0.538,0.426,0.22,2.4,18.6,10.5,7.4,0.8,1.2,13.4,17.4,,0.2,1.1,1.3,0.067,,-2.3,-0.6,-3,-0.2
312,Steve Novak,SF,27,TOT,30,215,17.8,0.737,0.687,0.119,2.2,12.6,7.6,2.2,0.2,1.7,5.4,16,,0.7,0.2,0.9,0.196,,3.3,-2.9,0.4,0.1
312,Steve Novak,SF,27,DAL,7,18,19.6,0.688,0.5,0,0,31.3,16.2,0,0,0,0,20.8,,0.1,0,0.1,0.205,,0.3,-7.2,-6.9,0
312,Steve Novak,SF,27,SAS,23,197,17.7,0.744,0.712,0.136,2.4,10.9,6.8,2.4,0.3,1.8,6,15.5,,0.6,0.2,0.8,0.195,,3.5,-2.5,1,0.2
313,Dirk Nowitzki,PF,32,DAL,73,2504,23.4,0.612,0.142,0.376,2.4,20.8,12,14.2,0.8,1.4,9.1,28.2,,7.8,3.3,11.1,0.213,,3.2,0.6,3.8,3.7
314,Jermaine O'Neal,C,32,BOS,24,431,9.2,0.504,0.009,0.394,7.6,17,12.6,4.3,0.2,5.4,17.4,17.2,,-0.2,0.8,0.6,0.065,,-5.4,2.4,-3,-0.1
315,Shaquille O'Neal*,C,38,BOS,37,752,17.4,0.659,0,0.652,8.3,20.1,14.6,5.9,1.1,4.4,17.8,20.1,,1.1,1.6,2.7,0.174,,-1.1,2.6,1.5,0.7
316,Fabricio Oberto,C,35,POR,5,45,0.8,0.595,0,0.4,7.8,11.4,9.5,0,0,0,33.8,9.2,,0,0,0,-0.012,,-6.4,-3.6,-10,-0.1
317,Lamar Odom,PF,31,LAL,82,2639,19.4,0.589,0.199,0.275,7.8,22.2,15.2,15.5,0.9,1.8,12.2,19.7,,6.1,4,10.1,0.184,,2.3,1.4,3.7,3.8
318,Emeka Okafor,C,28,NOH,72,2287,16,0.584,0.002,0.492,12.2,24.3,18.2,3,0.9,4.6,15.7,15.8,,2.7,3.8,6.5,0.136,,-1.5,2.4,0.8,1.6
319,Mehmet Okur,C,31,UTA,13,168,12.6,0.452,0.258,0.323,6.4,15.2,10.8,17.7,1.3,1.9,9,21.2,,0.1,0.1,0.2,0.048,,-1.4,-1.6,-3,0
320,Travis Outlaw,SF,26,NJN,82,2358,8.8,0.469,0.345,0.234,2.6,14,8.1,5.8,0.8,1.2,8.1,17.3,,-0.4,1.2,0.8,0.016,,-2.6,-0.9,-3.6,-0.9
321,Larry Owens,SF,28,TOT,12,143,11.2,0.556,0.406,0.281,0.8,11.4,6,8.4,3.2,2.7,12.2,12.7,,0.1,0.2,0.2,0.083,,-1.6,1.5,-0.1,0.1
321,Larry Owens,SF,28,SAS,7,31,11.9,0.58,0.5,0.667,0,14.6,7.5,4.6,3.4,0,0,11.5,,0,0,0.1,0.151,,-0.3,0.8,0.5,0
321,Larry Owens,SF,28,WAS,5,112,11,0.55,0.385,0.192,1,10.6,5.6,9.5,3.2,3.4,15.1,13.1,,0,0.1,0.1,0.064,,-2,1.7,-0.2,0
322,Zaza Pachulia,C,26,ATL,79,1244,12.4,0.562,0,0.772,11.6,20.6,16.1,7,1.5,1.3,18.2,14.5,,1.5,1.6,3.1,0.118,,-2.2,0.8,-1.5,0.2
323,Anthony Parker,SF,35,CLE,72,2091,10.5,0.505,0.411,0.172,1.8,10.5,6,16.7,1.7,0.4,11.9,14.6,,0.9,0.6,1.5,0.034,,-0.8,-0.7,-1.6,0.2
324,Tony Parker,PG,28,SAS,78,2528,20.4,0.569,0.065,0.283,1.4,9.3,5.5,35.2,1.9,0.1,14.3,25.5,,5.8,2.4,8.2,0.156,,2.5,-0.8,1.7,2.4
325,Patrick Patterson,PF,21,HOU,52,868,16.7,0.574,0.007,0.157,11.2,14.9,13.1,7.6,1,3,9.8,16.1,,1.7,0.7,2.4,0.134,,0,0.5,0.5,0.5
326,Chris Paul,PG,25,NOH,80,2880,23.7,0.578,0.197,0.414,1.6,12.3,6.9,45.8,3.5,0.1,13.9,21.1,,9.5,4.4,13.9,0.232,,5.4,1,6.4,6.1
327,Sasha Pavlović,SG-SF,27,TOT,31,362,6,0.497,0.431,0.139,0.4,9.9,5.3,6.4,1.5,1.6,13.6,11.6,,-0.2,0.5,0.3,0.042,,-3.7,1.2,-2.5,0
327,Sasha Pavlović,SF,27,DAL,10,163,7.8,0.551,0.457,0.143,0,8.3,4.3,6.3,1.6,1.4,11.8,12.1,,0,0.2,0.2,0.067,,-2.1,1.1,-1,0
327,Sasha Pavlović,SG,27,NOH,4,50,2.9,0.182,0.455,0,0,14.7,7.3,17.1,0,6.7,8.3,11.4,,-0.1,0.1,-0.1,-0.065,,-8.1,2.8,-5.3,0
327,Sasha Pavlović,SG,27,BOS,17,149,5.1,0.55,0.385,0.192,0.9,10.1,5.8,2.9,1.8,0,17.5,11,,-0.1,0.2,0.2,0.051,,-3.9,0.7,-3.2,0
328,Nikola Peković,C,25,MIN,65,887,11.2,0.573,0,0.433,11,13.2,12.1,4.8,1,3,22.5,19.4,,0.2,0.5,0.6,0.035,,-3.1,-0.8,-3.9,-0.4
329,Kendrick Perkins,C,26,TOT,29,742,9.6,0.538,0,0.554,10.4,26.2,18.7,5.2,0.6,2.6,25.7,13.7,,-0.2,1.2,1,0.063,,-4.3,1.8,-2.5,-0.1
329,Kendrick Perkins,C,26,BOS,12,313,10.2,0.568,0,0.678,9.6,27.5,19.1,4.8,0.3,2.5,24.6,15.6,,-0.1,0.6,0.6,0.088,,-4.8,1.9,-2.8,-0.1
329,Kendrick Perkins,C,26,OKC,17,429,9.1,0.511,0,0.451,11,25.3,18.4,5.4,0.8,2.7,26.7,12.3,,-0.1,0.6,0.4,0.046,,-3.9,1.6,-2.3,0
330,Morris Peterson,SG,33,OKC,4,23,1.7,0.4,0.2,0,0,14.8,7.6,6.4,0,0,0,9.9,,0,0,0,0.015,,-5.1,-2.1,-7.3,0
331,Johan Petro,C,25,NJN,77,893,9.9,0.452,0.014,0.097,8,20.4,14,8.4,2,2.9,13.2,18.1,,-0.7,1.1,0.4,0.024,,-4.6,1.4,-3.2,-0.3
332,Paul Pierce,SF,33,BOS,80,2774,19.7,0.62,0.291,0.44,1.6,16.6,9.5,16.1,1.5,1.4,12.3,24,,6.5,5.1,11.6,0.201,,3.1,1.6,4.7,4.7
333,Mickaël Piétrus,SG-SF,28,TOT,57,1107,9.8,0.526,0.647,0.156,1.6,11.5,6.6,4.6,1.3,1.4,9.1,17.6,,0.3,1,1.3,0.055,,-0.7,-0.7,-1.4,0.2
333,Mickaël Piétrus,SF,28,ORL,19,418,8.3,0.54,0.757,0.052,1.7,12,7,3.8,1.3,0.6,10.6,14.6,,0.1,0.6,0.7,0.082,,-0.8,0.2,-0.6,0.2
333,Mickaël Piétrus,SG,28,PHO,38,689,10.8,0.519,0.596,0.204,1.5,11.2,6.4,5,1.4,1.9,8.4,19.5,,0.1,0.4,0.6,0.039,,-0.6,-1.3,-1.9,0
334,Dexter Pittman,C,22,MIA,2,11,-6.4,0.333,0,0,11.5,20.4,16.2,0,0,0,40,21.3,,-0.1,0,-0.1,-0.246,,-15.7,-5.5,-21.2,-0.1
335,Quincy Pondexter,SF,22,NOH,66,734,8.5,0.482,0.278,0.189,3.8,10.8,7.3,5.9,1.3,1.1,7.6,13.7,,0.2,0.7,0.9,0.06,,-2.8,0,-2.8,-0.1
336,James Posey,SF,34,IND,49,839,7.5,0.485,0.88,0.062,1.3,18,9.7,6.1,1.4,0.5,8.8,14.3,,0,1,1,0.056,,-1.3,-0.6,-2,0
337,Leon Powe,C-PF,27,TOT,30,328,15,0.524,0.017,0.605,8.3,14.2,11.2,3.6,1.6,0.9,7.4,22.4,,0.4,0.2,0.6,0.09,,-2.4,-3.1,-5.5,-0.3
337,Leon Powe,PF,27,CLE,14,187,12.9,0.497,0,0.441,9.6,13.9,11.7,1.9,1.9,1.2,6.6,18.3,,0.1,0.1,0.2,0.051,,-3.4,-2.4,-5.9,-0.2
337,Leon Powe,C,27,MEM,16,141,17.8,0.548,0.033,0.767,6.7,14.5,10.6,6,1.1,0.6,8,27.9,,0.3,0.1,0.4,0.142,,-1,-4,-5,-0.1
338,Josh Powell,PF,28,ATL,54,653,8,0.492,0.005,0.216,9.1,15.8,12.5,5.5,0.4,0.6,18.9,20.4,,-0.7,0.5,-0.2,-0.012,,-5.8,-2.3,-8,-1
339,A.J. Price,PG,24,IND,50,795,10.7,0.454,0.466,0.253,2.3,7.8,5,22.7,1.8,0.1,13,22.7,,-0.4,0.7,0.3,0.02,,-1.1,-2.3,-3.4,-0.3
340,Ronnie Price,SG,27,UTA,59,717,5.5,0.434,0.329,0.186,3.7,6.6,5.1,11.7,3.1,0.6,19.5,18,,-1.2,0.5,-0.7,-0.048,,-4.1,-1.1,-5.3,-0.6
341,Tayshaun Prince,SF,30,DET,78,2562,15.1,0.511,0.098,0.168,3.6,12.6,7.9,14.4,0.6,1.3,7.1,21,,2.9,0.4,3.3,0.062,,0,-1.7,-1.7,0.2
342,Joel Przybilla,C,31,TOT,36,519,6.2,0.573,0,0.614,8.4,26.4,17.1,3.6,0.5,2.4,34.2,7.7,,-0.1,0.6,0.5,0.046,,-5.5,0.8,-4.7,-0.4
342,Joel Przybilla,C,31,POR,31,445,7.2,0.623,0,0.676,7.4,26.7,16.6,4.2,0.6,2.6,33.3,6.9,,0.1,0.6,0.6,0.066,,-4.8,1.7,-3.1,-0.1
342,Joel Przybilla,C,31,CHA,5,74,0.3,0.383,0,0.4,14.6,24.7,19.6,0,0,1.1,37.3,11.9,,-0.2,0.1,-0.1,-0.074,,-10,-4.1,-14.1,-0.2
343,Chris Quinn,PG,27,SAS,41,292,7.5,0.428,0.407,0.088,1.2,8.5,5,21.1,0.9,0.2,11.3,16.8,,-0.1,0.2,0.1,0.024,,-3,-2.3,-5.3,-0.2
344,Vladimir Radmanović,PF,30,GSW,74,1169,12.6,0.562,0.544,0.107,6.1,14.7,10.3,9.6,1.9,2.9,14.6,14.7,,1.2,0.9,2.1,0.086,,-0.2,0.2,0,0.6
345,Anthony Randolph,C-PF,21,TOT,40,590,16.2,0.505,0.015,0.326,8,22.7,15.2,9.8,1.9,3.1,14.9,25.8,,-0.2,0.6,0.5,0.038,,-3.5,-0.1,-3.6,-0.2
345,Anthony Randolph,PF,21,NYK,17,127,7.6,0.348,0.089,0.267,9.8,26.3,18,8.1,1.6,4.6,16.6,21.1,,-0.4,0.2,-0.2,-0.074,,-8.5,0.7,-7.8,-0.2
345,Anthony Randolph,C,21,MIN,23,463,18.5,0.537,0,0.338,7.5,21.7,14.4,10.3,1.9,2.6,14.6,27.1,,0.2,0.5,0.7,0.069,,-2.2,-0.3,-2.5,-0.1
346,Zach Randolph,PF,29,MEM,75,2724,22.6,0.552,0.036,0.333,14.2,26,20.1,10.2,1.2,0.7,10,25,,6.8,3.7,10.5,0.185,,2.6,-0.1,2.5,3.1
347,Theo Ratliff,C,37,LAL,10,71,4.4,0.145,0,0.333,9.9,10.8,10.4,5.5,1.5,5.4,30.4,6.3,,-0.1,0.1,0,0,,-6.4,4.7,-1.8,0
348,Andy Rautins,SG,24,NYK,5,24,-1.2,0.508,0.571,0.286,0,4.8,2.4,18.7,2.1,0,47,27.5,,-0.2,0,-0.2,-0.314,,-11.6,-4.3,-16,-0.1
349,Michael Redd,SG,31,MIL,10,134,9.7,0.47,0.378,0.089,0,7.1,3.5,15.6,0.8,0.6,7.9,17.7,,0,0.1,0.1,0.048,,-3,-2.1,-5.1,-0.1
350,J.J. Redick,SG,26,ORL,59,1513,12.8,0.589,0.49,0.286,0.5,8.1,4.4,11,1,0.2,9.5,17,,2.7,1.8,4.5,0.142,,1.1,-0.4,0.6,1
351,Jason Richardson,SG,30,TOT,80,2715,15,0.555,0.454,0.151,2.9,11.1,7.1,9.2,1.8,0.4,7.8,20.6,,3.6,3.3,6.9,0.123,,2,0.1,2.2,2.8
351,Jason Richardson,SG,30,PHO,25,796,19.1,0.574,0.38,0.185,4.8,11.3,8,7.9,1.7,0.3,6.7,25.5,,1.5,0.4,1.9,0.117,,3.5,-2.2,1.3,0.7
351,Jason Richardson,SG,30,ORL,55,1919,13.2,0.543,0.496,0.13,2.1,11,6.7,9.7,1.8,0.4,8.4,18.6,,2.1,2.9,5,0.125,,1.4,1.1,2.5,2.2
352,Quentin Richardson,SF,30,ORL,57,955,8.1,0.454,0.573,0.173,4.9,16.6,10.9,6.1,1.4,0.4,10.7,14.9,,-0.2,1.5,1.3,0.067,,-2.4,0.8,-1.6,0.1
353,Luke Ridnour,PG,29,MIN,71,2159,15,0.567,0.27,0.201,1.9,8.6,5.1,28.1,2.1,0.4,17.6,17.8,,3.2,0.8,4,0.089,,1.2,-1.5,-0.3,0.9
354,Nate Robinson,PG,26,TOT,59,1013,10,0.507,0.532,0.117,1.9,8.6,5.5,17.8,1.5,0.3,14.7,21.9,,-0.4,1.5,1.1,0.051,,-0.7,-1,-1.7,0.1
354,Nate Robinson,PG,26,BOS,55,983,10.2,0.512,0.532,0.111,2,8.7,5.6,17.4,1.6,0.3,14.8,21.7,,-0.3,1.5,1.1,0.054,,-0.6,-0.8,-1.4,0.2
354,Nate Robinson,PG,26,OKC,4,30,3.3,0.388,0.533,0.267,0,3.8,2,31.6,0,0,10.7,28.4,,0,0,0,-0.063,,-3.1,-7.9,-11,-0.1
355,Rajon Rondo,PG,24,BOS,68,2527,17.1,0.495,0.064,0.197,4.5,9.7,7.2,47.1,3.2,0.3,24.3,18.3,,1.8,4.8,6.6,0.126,,0.3,1.7,2,2.5
356,Derrick Rose,PG,22,CHI,81,3026,23.5,0.55,0.241,0.348,3.2,9.4,6.4,38.7,1.5,1.3,13.1,32.2,,8.3,4.8,13.1,0.208,,5.8,0.1,5.9,6
357,Quinton Ross,SF,29,NJN,36,353,3.7,0.437,0.051,0.237,3.3,6.9,5,4.3,0.5,1.3,9.7,9.5,,-0.1,0.1,0,-0.007,,-5.1,-0.7,-5.8,-0.3
358,Brandon Roy,SG,26,POR,47,1310,13.9,0.491,0.218,0.264,2.5,9.1,5.6,16.8,1.5,0.8,8.6,22.8,,1.2,0.9,2.1,0.077,,-0.5,-1.6,-2,0
359,Brandon Rush,SG,25,IND,67,1754,10.6,0.54,0.433,0.206,2.1,11.6,6.9,5.6,1.2,1.5,10.9,15.9,,0.9,1.7,2.6,0.07,,-1.1,-0.1,-1.2,0.4
360,John Salmons,SG,31,MIL,73,2554,12.8,0.51,0.244,0.267,1.2,11.2,6.1,17.5,1.5,0.9,12,20.9,,0.9,3.4,4.3,0.081,,-0.8,0.7,-0.2,1.2
361,Samardo Samuels,PF,22,CLE,37,701,11.7,0.498,0.012,0.456,12,14,13,4.2,1.1,2,15.5,22.1,,-0.3,0.3,0,0.002,,-3.9,-2,-5.9,-0.7
362,Larry Sanders,C,22,MIL,60,872,11,0.448,0,0.187,7.7,16.3,11.9,3.2,1.3,6.5,11.6,17.6,,-0.7,1.8,1,0.057,,-6.2,3,-3.2,-0.3
363,Brian Scalabrine,PF,32,CHI,18,88,6.5,0.526,0.263,0,1.4,9.1,5.3,10.4,1.8,3.5,20.8,12.5,,0,0.2,0.1,0.071,,-4.5,2.1,-2.4,0
364,Luis Scola,PF,30,HOU,74,2412,18.4,0.538,0.003,0.257,6.9,21.6,14.2,13.7,1,1.3,10.5,25.7,,3.3,2.2,5.5,0.11,,-0.2,-0.1,-0.2,1.1
365,Thabo Sefolosha,SG,26,OKC,79,2049,10.4,0.545,0.306,0.237,3.8,15.5,9.9,7.9,2.5,1.4,13,9.4,,1.6,2.5,4.1,0.097,,-0.6,2.6,2,2